SEMANA;PLANTA;GRUPO_VARIEDAD;ID_CALIBRE;KILOS_ESTIMADOS
202352;SFG MOSTAZAL;SH;LZEE;471
202352;SFG MOSTAZAL;SH;SYAA;16.140
202352;SFG MOSTAZAL;SH;LYEE;197
202352;SFG MOSTAZAL;LA;PYAA;28.997
202352;SFG MOSTAZAL;LA;SZAA;114.072
202352;SFG MOSTAZAL;LA;PWAA;8.146
202352;SFG MOSTAZAL;LA;PZAA;79.056
202352;SFG MOSTAZAL;SH;JYEE;1.694
202352;SFG MOSTAZAL;LA;JZAA;75.745
202352;SFG MOSTAZAL;LA;JWAA;7.653
202352;SFG MOSTAZAL;LA;SYAA;46.843
202352;SFG MOSTAZAL;LA;SWAA;10.101
202352;SFG MOSTAZAL;LA;GYAA;2.982
202352;SFG MOSTAZAL;SH;XYEE;911
202352;SFG MOSTAZAL;SH;XZEE;2.911
202352;SFG MOSTAZAL;LA;GWAA;620
202352;SFG MOSTAZAL;LA;GZAA;34.932
202352;SFG MOSTAZAL;SH;SWAA;5.980
202352;SFG MOSTAZAL;LA;PYDD;9.666
202352;SFG MOSTAZAL;LA;SZDD;38.024
202352;SFG MOSTAZAL;LA;PWDD;2.715
202352;SFG MOSTAZAL;LA;PZDD;26.352
202352;SFG MOSTAZAL;SH;PZEE;2.824
202352;SFG MOSTAZAL;LA;JZDD;25.248
202352;SFG MOSTAZAL;LA;JWDD;2.551
202352;SFG MOSTAZAL;LA;SYDD;15.614
202352;SFG MOSTAZAL;LA;SWDD;3.367
202352;SFG MOSTAZAL;LA;GYDD;994
202352;SFG MOSTAZAL;LA;XZCC;7.353
202352;SFG MOSTAZAL;LA;XYCC;3.008
202352;SFG MOSTAZAL;SH;JWAA;5.318
202352;SFG MOSTAZAL;SH;PYEE;745
202352;SFG MOSTAZAL;LA;JYCC;5.861
202352;SFG MOSTAZAL;LA;LZCC;1.502
202352;SFG MOSTAZAL;SH;PWEE;283
202352;SFG MOSTAZAL;LA;GWDD;207
202352;SFG MOSTAZAL;LA;GZDD;11.644
202352;SFG MOSTAZAL;LA;LYCC;644
202352;SFG MOSTAZAL;SH;JYAA;15.245
202352;SFG MOSTAZAL;LA;PYEE;2.416
202352;SFG MOSTAZAL;LA;PZEE;6.588
202352;SFG MOSTAZAL;LA;PWEE;679
202352;SFG MOSTAZAL;LA;SZEE;9.506
202352;SFG MOSTAZAL;LA;JZEE;6.312
202352;SFG MOSTAZAL;SH;GZEE;1.693
202352;SFG MOSTAZAL;LA;SWEE;842
202352;SFG MOSTAZAL;LA;SYEE;3.904
202352;SFG MOSTAZAL;SH;GWEE;1
202352;SFG MOSTAZAL;SH;GYEE;7
202352;SFG MOSTAZAL;LA;XYDD;6.016
202352;SFG MOSTAZAL;LA;JYDD;11.721
202352;SFG MOSTAZAL;LA;XZDD;14.706
202352;SFG MOSTAZAL;LA;LZDD;3.004
202352;SFG MOSTAZAL;LA;GWEE;52
202352;SFG MOSTAZAL;LA;GYEE;248
202352;SFG MOSTAZAL;LA;LYDD;1.288
202352;SFG MOSTAZAL;LA;GZEE;2.911
202352;SFG MOSTAZAL;LA;PYBB;2.416
202352;SFG MOSTAZAL;LA;PWBB;679
202352;SFG MOSTAZAL;SH;JZEE;4.986
202352;SFG MOSTAZAL;LA;PZBB;6.588
202352;SFG MOSTAZAL;LA;SZBB;9.506
202352;SFG MOSTAZAL;LA;JZBB;6.312
202352;SFG MOSTAZAL;SH;SYEE;1.793
202352;SFG MOSTAZAL;LA;SWBB;842
202352;SFG MOSTAZAL;LA;SYBB;3.904
202352;SFG MOSTAZAL;LA;GYBB;248
202352;SFG MOSTAZAL;SH;JWEE;591
202352;SFG MOSTAZAL;LA;XYAA;18.048
202352;SFG MOSTAZAL;LA;JYAA;35.164
202352;SFG MOSTAZAL;LA;XZAA;44.117
202352;SFG MOSTAZAL;LA;LZAA;9.013
202352;SFG MOSTAZAL;SH;JZAA;44.873
202352;SFG MOSTAZAL;LA;GWBB;52
202352;SFG MOSTAZAL;LA;GZBB;2.911
202352;SFG MOSTAZAL;LA;LYAA;3.865
202352;SFG MOSTAZAL;LA;PYCC;4.833
202352;SFG MOSTAZAL;LA;SZCC;19.012
202352;SFG MOSTAZAL;SH;SZEE;6.009
202352;SFG MOSTAZAL;LA;PZCC;13.176
202352;SFG MOSTAZAL;LA;PWCC;1.358
202352;SFG MOSTAZAL;LA;JWCC;1.275
202352;SFG MOSTAZAL;LA;JZCC;12.624
202352;SFG MOSTAZAL;LA;SWCC;1.684
202352;SFG MOSTAZAL;LA;SYCC;7.807
202352;SFG MOSTAZAL;LA;GYCC;497
202352;SFG MOSTAZAL;LA;XYBB;1.504
202352;SFG MOSTAZAL;LA;XZBB;3.676
202352;SFG MOSTAZAL;LA;JWBB;638
202352;SFG MOSTAZAL;LA;JYBB;2.930
202352;SFG MOSTAZAL;LA;LZBB;751
202352;SFG MOSTAZAL;LA;GWCC;103
202352;SFG MOSTAZAL;LA;GZCC;5.822
202352;SFG MOSTAZAL;SH;SWEE;664
202352;SFG MOSTAZAL;LA;LYBB;322
202352;SFG MOSTAZAL;SH;PZAA;25.412
202352;SFG MOSTAZAL;SH;XJYZAB;115.512
202352;SFG MOSTAZAL;LA;XJYZAB;187.497
202352;SFG MOSTAZAL;RE;XJYZAB;405.929
202352;SFG MOSTAZAL;RE;XJSPZAB;665.322
202352;SFG MOSTAZAL;SH;GYAA;64
202352;SFG MOSTAZAL;SH;SZAA;54.084
202352;SFG MOSTAZAL;LA;LYZABCD;20.389
202352;SFG MOSTAZAL;SH;PWAA;2.545
202352;SFG MOSTAZAL;SH;LYZABCD;12.687
202352;SFG MOSTAZAL;SH;PYAA;6.707
202352;SFG MOSTAZAL;RE;SZAA;177.726
202352;SFG MOSTAZAL;SH;PZCC;11.294
202352;SFG MOSTAZAL;RE;PYAA;2.953
202352;SFG MOSTAZAL;RE;PWAA;58.799
202352;SFG MOSTAZAL;RE;SWAA;121.697
202352;SFG MOSTAZAL;RE;JWAA;109.260
202352;SFG MOSTAZAL;RE;JYAA;13.658
202352;SFG MOSTAZAL;RE;JZAA;180.002
202352;SFG MOSTAZAL;RE;SYAA;12.727
202352;SFG MOSTAZAL;RE;PZAA;64.249
202352;SFG MOSTAZAL;RE;GWAA;2.986
202352;SFG MOSTAZAL;RE;GYAA;27
202352;SFG MOSTAZAL;SH;PWCC;1.131
202352;SFG MOSTAZAL;RE;GZAA;64.813
202352;SFG MOSTAZAL;RE;PYBB;537
202352;SFG MOSTAZAL;RE;SZBB;32.314
202352;SFG MOSTAZAL;RE;PZBB;11.682
202352;SFG MOSTAZAL;RE;PWBB;10.691
202352;SFG MOSTAZAL;RE;SWBB;22.127
202352;SFG MOSTAZAL;RE;JWBB;19.865
202352;SFG MOSTAZAL;RE;JZBB;32.728
202352;SFG MOSTAZAL;RE;SYBB;2.314
202352;SFG MOSTAZAL;SH;GZCC;6.772
202352;SFG MOSTAZAL;SH;GWCC;5
202352;SFG MOSTAZAL;RE;XYAA;8.830
202352;SFG MOSTAZAL;SH;GYBB;14
202352;SFG MOSTAZAL;SH;GYCC;29
202352;SFG MOSTAZAL;RE;XZAA;140.988
202352;SFG MOSTAZAL;RE;LZAA;24.141
202352;SFG MOSTAZAL;RE;GWBB;543
202352;SFG MOSTAZAL;RE;GYBB;5
202352;SFG MOSTAZAL;RE;LYAA;1.902
202352;SFG MOSTAZAL;RE;GZBB;11.784
202352;SFG MOSTAZAL;SH;SYCC;7.173
202352;SFG MOSTAZAL;SH;JZCC;19.944
202352;SFG MOSTAZAL;SH;JWCC;2.363
202352;SFG MOSTAZAL;SH;SZCC;24.037
202352;SFG MOSTAZAL;SH;PYCC;2.981
202352;SFG MOSTAZAL;SH;GWBB;3
202352;SFG MOSTAZAL;SH;SWCC;2.658
202352;SFG MOSTAZAL;RE;PYEE;268
202352;SFG MOSTAZAL;RE;SZEE;16.157
202352;SFG MOSTAZAL;RE;PZEE;5.841
202352;SFG MOSTAZAL;RE;PWEE;5.345
202352;SFG MOSTAZAL;RE;SWEE;11.063
202352;SFG MOSTAZAL;RE;JWEE;9.933
202352;SFG MOSTAZAL;RE;JZEE;16.364
202352;SFG MOSTAZAL;RE;SYEE;1.157
202352;SFG MOSTAZAL;SH;SYBB;3.587
202352;SFG MOSTAZAL;SH;JZBB;9.972
202352;SFG MOSTAZAL;RE;LZDD;4.389
202352;SFG MOSTAZAL;RE;XYDD;1.605
202352;SFG MOSTAZAL;RE;XZDD;25.634
202352;SFG MOSTAZAL;SH;JWBB;1.182
202352;SFG MOSTAZAL;RE;LYDD;346
202352;SFG MOSTAZAL;SH;PWBB;566
202352;SFG MOSTAZAL;RE;GYEE;2
202352;SFG MOSTAZAL;RE;GWEE;271
202352;SFG MOSTAZAL;RE;GZEE;5.892
202352;SFG MOSTAZAL;SH;SZBB;12.019
202352;SFG MOSTAZAL;SH;PYBB;1.490
202352;SFG MOSTAZAL;RE;LZEE;2.195
202352;SFG MOSTAZAL;RE;XYEE;803
202352;SFG MOSTAZAL;RE;JYEE;1.242
202352;SFG MOSTAZAL;RE;XZEE;12.817
202352;SFG MOSTAZAL;SH;SWBB;1.329
202352;SFG MOSTAZAL;RE;LYEE;173
202352;SFG MOSTAZAL;RE;SZCC;64.628
202352;SFG MOSTAZAL;RE;PYCC;1.074
202352;SFG MOSTAZAL;RE;PWCC;21.382
202352;SFG MOSTAZAL;SH;LZBB;942
202352;SFG MOSTAZAL;SH;PZBB;5.647
202352;SFG MOSTAZAL;RE;JWCC;39.731
202352;SFG MOSTAZAL;SH;XYBB;1.821
202352;SFG MOSTAZAL;RE;JZCC;65.455
202352;SFG MOSTAZAL;RE;SWCC;44.253
202352;SFG MOSTAZAL;RE;SYCC;4.628
202352;SFG MOSTAZAL;RE;PZCC;23.363
202352;SFG MOSTAZAL;RE;LZBB;4.389
202352;SFG MOSTAZAL;RE;XYBB;1.605
202352;SFG MOSTAZAL;RE;JYBB;2.483
202352;SFG MOSTAZAL;RE;XZBB;25.634
202352;SFG MOSTAZAL;SH;LYBB;393
202352;SFG MOSTAZAL;RE;GYCC;10
202352;SFG MOSTAZAL;RE;GWCC;1.086
202352;SFG MOSTAZAL;RE;LYBB;346
202352;SFG MOSTAZAL;RE;GZCC;23.568
202352;SFG MOSTAZAL;RE;SZDD;32.314
202352;SFG MOSTAZAL;SH;JYBB;3.388
202352;SFG MOSTAZAL;RE;PYDD;537
202352;SFG MOSTAZAL;RE;PWDD;10.691
202352;SFG MOSTAZAL;RE;SWDD;22.127
202352;SFG MOSTAZAL;RE;JWDD;19.865
202352;SFG MOSTAZAL;RE;JYDD;2.483
202352;SFG MOSTAZAL;RE;JZDD;32.728
202352;SFG MOSTAZAL;RE;SYDD;2.314
202352;SFG MOSTAZAL;RE;PZDD;11.682
202352;SFG MOSTAZAL;RE;XYCC;3.211
202352;SFG MOSTAZAL;RE;LZCC;8.779
202352;SFG MOSTAZAL;RE;XZCC;51.268
202352;SFG MOSTAZAL;RE;JYCC;4.967
202352;SFG MOSTAZAL;RE;LYCC;692
202352;SFG MOSTAZAL;RE;GWDD;543
202352;SFG MOSTAZAL;RE;GYDD;5
202352;SFG MOSTAZAL;SH;XZBB;5.822
202352;SFG MOSTAZAL;RE;GZDD;11.784
202352;SFG MOSTAZAL;SH;XYAA;8.195
202352;SFG MOSTAZAL;SH;SYDD;7.173
202352;SFG MOSTAZAL;SH;JZDD;19.944
202352;SFG MOSTAZAL;SH;JWDD;2.363
202352;SFG MOSTAZAL;SH;SZDD;24.037
202352;SFG MOSTAZAL;SH;PYDD;2.981
202352;SFG MOSTAZAL;SH;SWDD;2.658
202352;SFG MOSTAZAL;SH;LZDD;1.884
202352;SFG MOSTAZAL;SH;XYDD;3.642
202352;SFG MOSTAZAL;LA;XYEE;1.504
202352;SFG MOSTAZAL;LA;XZEE;3.676
202352;SFG MOSTAZAL;LA;JWEE;638
202352;SFG MOSTAZAL;LA;JYEE;2.930
202352;SFG MOSTAZAL;LA;LZEE;751
202352;SFG MOSTAZAL;SH;LYDD;787
202352;SFG MOSTAZAL;LA;LYEE;322
202352;SFG MOSTAZAL;SH;JYDD;6.775
202352;SFG MOSTAZAL;SH;XZDD;11.643
202352;SFG MOSTAZAL;SH;XZAA;26.197
202352;SFG MOSTAZAL;SH;LZCC;1.884
202352;SFG MOSTAZAL;SH;XYCC;3.642
202352;SFG MOSTAZAL;SH;LYAA;1.770
202352;SFG MOSTAZAL;SH;LYCC;787
202352;SFG MOSTAZAL;SH;JYCC;6.775
202352;SFG MOSTAZAL;SH;GZBB;3.386
202352;SFG MOSTAZAL;SH;XZCC;11.643
202352;SFG MOSTAZAL;SH;LZAA;4.240
202352;SFG MOSTAZAL;SH;PZDD;11.294
202352;SFG MOSTAZAL;SH;PWDD;1.131
202352;SFG MOSTAZAL;SH;GZDD;6.772
202352;SFG MOSTAZAL;SH;GWDD;5
202352;SFG MOSTAZAL;SH;GYDD;29
202352;SFG MOSTAZAL;LA;JSPZAB;291.280
202352;SFG MOSTAZAL;SH;GWAA;11
202352;SFG MOSTAZAL;SH;JSPZAB;152.006
202352;SFG MOSTAZAL;SH;XJSPZAB;184.024
202352;SFG MOSTAZAL;SH;JSPZABC;207.281
202352;SFG MOSTAZAL;LA;JSPZABC;336.093
202352;SFG MOSTAZAL;SH;GZAA;15.237
202352;SFG MOSTAZAL;RE;JSPZABC;652.146
202352;SFG MOSTAZAL;LA;XJSPZAB;339.073
202352;SFG. MOLINA;BI;LYDD;60
202352;SFG. MOLINA;SH;LYEE;217
202352;SFG. MOLINA;KO;JZAA;14.853
202352;SFG. MOLINA;BI;XYDD;189
202352;SFG. MOLINA;SH;GZDD;7.466
202352;SFG. MOLINA;KO;SYAA;1.679
202352;SFG. MOLINA;KO;SWAA;21.796
202352;SFG. MOLINA;BI;LZDD;273
202352;SFG. MOLINA;KO;SZAA;17.945
202352;SFG. MOLINA;KO;PZAA;7.585
202352;SFG. MOLINA;SH;GWDD;6
202352;SFG. MOLINA;BI;PZEE;136
202352;SFG. MOLINA;KO;PYAA;293
202352;SFG. MOLINA;BI;GZEE;234
202352;SFG. MOLINA;KO;PWAA;9.739
202352;SFG. MOLINA;BI;SWDD;232
202352;SFG. MOLINA;KO;LZAA;3.341
202352;SFG. MOLINA;BI;SYDD;147
202352;SFG. MOLINA;SH;LYCC;867
202352;SFG. MOLINA;BI;PYDD;27
202352;SFG. MOLINA;KO;GWBB;44
202352;SFG. MOLINA;BI;SZDD;857
202352;SFG. MOLINA;KO;LYAA;250
202352;SFG. MOLINA;KO;GZBB;674
202352;SFG. MOLINA;KO;JWAA;18.510
202352;SFG. MOLINA;BI;JYDD;223
202352;SFG. MOLINA;BI;XZDD;1.167
202352;SFG. MOLINA;BI;JZDD;1.185
202352;SFG. MOLINA;KO;XYAA;873
202352;SFG. MOLINA;BI;JWDD;407
202352;SFG. MOLINA;KO;JYAA;1.317
202352;SFG. MOLINA;KO;XZAA;16.230
202352;SFG. MOLINA;SK;SWEE;684
202352;SFG. MOLINA;BI;LZEE;182
202352;SFG. MOLINA;LA;GZAA;21.486
202352;SFG. MOLINA;BI;LYEE;40
202352;SFG. MOLINA;SH;XZEE;3.209
202352;SFG. MOLINA;SK;SYEE;593
202352;SFG. MOLINA;SK;JWEE;384
202352;SFG. MOLINA;BI;XZEE;778
202352;SFG. MOLINA;SH;LZAA;4.675
202352;SFG. MOLINA;SK;JZEE;1.589
202352;SFG. MOLINA;BI;XYEE;126
202352;SFG. MOLINA;SK;GYEE;19
202352;SFG. MOLINA;LA;PZAA;48.625
202352;SFG. MOLINA;SK;GWEE;7
202352;SFG. MOLINA;LA;PWAA;5.010
202352;SFG. MOLINA;SH;PZDD;12.452
202352;SFG. MOLINA;SK;PYEE;319
202352;SFG. MOLINA;SK;SZEE;2.943
202352;SFG. MOLINA;LA;GYAA;1.834
202352;SFG. MOLINA;SK;PZEE;2.105
202352;SFG. MOLINA;LA;GWAA;381
202352;SFG. MOLINA;SK;PWEE;729
202352;SFG. MOLINA;SK;LYEE;59
202352;SFG. MOLINA;BI;SZEE;571
202352;SFG. MOLINA;BI;SWEE;155
202352;SFG. MOLINA;SK;LZEE;132
202352;SFG. MOLINA;KO;GWAA;526
202352;SFG. MOLINA;SH;LZEE;519
202352;SFG. MOLINA;BI;PWEE;34
202352;SFG. MOLINA;KO;GZAA;8.094
202352;SFG. MOLINA;LA;PYAA;17.835
202352;SFG. MOLINA;BI;PYEE;18
202352;SFG. MOLINA;SK;JYEE;422
202352;SFG. MOLINA;SH;GYDD;32
202352;SFG. MOLINA;BI;JWEE;271
202352;SFG. MOLINA;SH;SYAA;17.794
202352;SFG. MOLINA;BI;JYEE;149
202352;SFG. MOLINA;SH;XYEE;1.004
202352;SFG. MOLINA;SK;XYEE;202
202352;SFG. MOLINA;BI;SYEE;98
202352;SFG. MOLINA;SK;XZEE;792
202352;SFG. MOLINA;BI;JZEE;790
202352;SFG. MOLINA;BI;PWDD;51
202352;SFG. MOLINA;BI;XYBB;126
202352;SFG. MOLINA;KO;SWCC;3.633
202352;SFG. MOLINA;RE;XJSPZAB;148.881
202352;SFG. MOLINA;BI;LZBB;182
202352;SFG. MOLINA;KO;JYCC;220
202352;SFG. MOLINA;BI;JYBB;149
202352;SFG. MOLINA;BI;XZBB;778
202352;SFG. MOLINA;KO;SYCC;280
202352;SFG. MOLINA;KO;JWCC;3.085
202352;SFG. MOLINA;KO;JZCC;2.476
202352;SFG. MOLINA;RE;XYEE;180
202352;SFG. MOLINA;KO;PWCC;1.623
202352;SFG. MOLINA;BI;GYCC;1
202352;SFG. MOLINA;KO;PZCC;1.264
202352;SFG. MOLINA;KO;SZCC;2.991
202352;SFG. MOLINA;SH;GZAA;16.799
202352;SFG. MOLINA;BI;LYBB;40
202352;SFG. MOLINA;BI;GZCC;586
202352;SFG. MOLINA;KO;PYCC;49
202352;SFG. MOLINA;SH;JYCC;7.470
202352;SFG. MOLINA;BI;PWBB;34
202352;SFG. MOLINA;LA;XJSPZAB;240.636
202352;SFG. MOLINA;KO;GZDD;2.698
202352;SFG. MOLINA;BI;PYBB;18
202352;SFG. MOLINA;KO;GWDD;175
202352;SFG. MOLINA;KO;PZDD;2.528
202352;SFG. MOLINA;RE;XZEE;2.868
202352;SFG. MOLINA;SH;JZCC;21.988
202352;SFG. MOLINA;BI;PZBB;136
202352;SFG. MOLINA;KO;JSPZAB;43.748
202352;SFG. MOLINA;KO;XZCC;2.705
202352;SFG. MOLINA;BI;SYBB;98
202352;SFG. MOLINA;SH;JWCC;2.606
202352;SFG. MOLINA;BI;JZBB;790
202352;SFG. MOLINA;KO;XYCC;145
202352;SFG. MOLINA;BI;SZBB;571
202352;SFG. MOLINA;KO;LYCC;42
202352;SFG. MOLINA;KO;LZCC;557
202352;SFG. MOLINA;SH;GZBB;3.733
202352;SFG. MOLINA;SH;SZAA;59.629
202352;SFG. MOLINA;BI;SWBB;155
202352;SFG. MOLINA;BI;LZCC;455
202352;SFG. MOLINA;KO;SWBB;1.816
202352;SFG. MOLINA;KO;SZBB;1.495
202352;SFG. MOLINA;BI;LYCC;100
202352;SFG. MOLINA;KO;SYBB;140
202352;SFG. MOLINA;BI;XZCC;1.945
202352;SFG. MOLINA;KO;JWBB;1.542
202352;SFG. MOLINA;SH;XYCC;4.016
202352;SFG. MOLINA;BI;XYCC;315
202352;SFG. MOLINA;KO;JZBB;1.238
202352;SFG. MOLINA;BI;JSPZAB;7.485
202352;SFG. MOLINA;SH;LYAA;1.951
202352;SFG. MOLINA;KO;PZBB;632
202352;SFG. MOLINA;BI;PZDD;204
202352;SFG. MOLINA;SH;SWAA;6.593
202352;SFG. MOLINA;KO;PWBB;812
202352;SFG. MOLINA;KO;PYBB;24
202352;SFG. MOLINA;BI;GZDD;352
202352;SFG. MOLINA;SH;LZCC;2.078
202352;SFG. MOLINA;BI;LYZABCD;1.998
202352;SFG. MOLINA;RE;LYEE;39
202352;SFG. MOLINA;BI;JYCC;371
202352;SFG. MOLINA;BI;PYCC;45
202352;SFG. MOLINA;SH;XZCC;12.837
202352;SFG. MOLINA;BI;SZCC;1.429
202352;SFG. MOLINA;KO;LYBB;21
202352;SFG. MOLINA;BI;PZCC;339
202352;SFG. MOLINA;SH;SWBB;1.465
202352;SFG. MOLINA;KO;GZCC;1.349
202352;SFG. MOLINA;BI;PWCC;85
202352;SFG. MOLINA;KO;GWCC;88
202352;SFG. MOLINA;KO;JYBB;110
202352;SFG. MOLINA;RE;LZEE;491
202352;SFG. MOLINA;BI;JWCC;679
202352;SFG. MOLINA;BI;JZCC;1.974
202352;SFG. MOLINA;KO;LZBB;278
202352;SFG. MOLINA;BI;JSPZABC;11.227
202352;SFG. MOLINA;BI;SWCC;387
202352;SFG. MOLINA;KO;XYBB;73
202352;SFG. MOLINA;KO;XZBB;1.353
202352;SFG. MOLINA;BI;SYCC;244
202352;SFG. MOLINA;SK;GYBB;38
202352;SFG. MOLINA;LA;PWDD;835
202352;SFG. MOLINA;LA;PZDD;8.104
202352;SFG. MOLINA;LA;PYDD;2.973
202352;SFG. MOLINA;SH;XZDD;12.837
202352;SFG. MOLINA;SK;GWBB;14
202352;SFG. MOLINA;SK;GZBB;1.586
202352;SFG. MOLINA;SH;XZAA;28.882
202352;SFG. MOLINA;LA;GWDD;64
202352;SFG. MOLINA;SK;PWBB;1.458
202352;SFG. MOLINA;LA;GYDD;306
202352;SFG. MOLINA;SK;PZBB;4.210
202352;SFG. MOLINA;LA;SYDD;4.802
202352;SFG. MOLINA;SK;XYAA;2.224
202352;SFG. MOLINA;SK;JYAA;4.647
202352;SFG. MOLINA;SK;XZAA;8.708
202352;SFG. MOLINA;LA;JZDD;7.765
202352;SFG. MOLINA;SK;LZAA;1.457
202352;SFG. MOLINA;LA;SZDD;11.694
202352;SFG. MOLINA;SH;PZEE;3.113
202352;SFG. MOLINA;LA;SWDD;1.035
202352;SFG. MOLINA;SK;LYAA;653
202352;SFG. MOLINA;KO;XJSPZAB;61.330
202352;SFG. MOLINA;LA;JYCC;3.605
202352;SFG. MOLINA;SK;JWBB;768
202352;SFG. MOLINA;LA;JWCC;785
202352;SFG. MOLINA;SK;JYBB;845
202352;SFG. MOLINA;LA;XZCC;4.522
202352;SFG. MOLINA;SK;SYBB;1.186
202352;SFG. MOLINA;SK;JZBB;3.178
202352;SFG. MOLINA;SK;XZBB;1.583
202352;SFG. MOLINA;SH;JWDD;2.606
202352;SFG. MOLINA;LA;SYCC;4.802
202352;SFG. MOLINA;SH;PYEE;822
202352;SFG. MOLINA;LA;JZCC;7.765
202352;SFG. MOLINA;SH;JWAA;5.863
202352;SFG. MOLINA;SH;PWEE;312
202352;SFG. MOLINA;SK;SZBB;5.885
202352;SFG. MOLINA;SK;PYBB;637
202352;SFG. MOLINA;SH;JYDD;7.470
202352;SFG. MOLINA;LA;GZDD;3.581
202352;SFG. MOLINA;LA;LYCC;396
202352;SFG. MOLINA;LA;XYCC;1.850
202352;SFG. MOLINA;LA;LZCC;924
202352;SFG. MOLINA;SK;SWBB;1.368
202352;SFG. MOLINA;LA;PYEE;1.486
202352;SFG. MOLINA;SK;GZAA;8.722
202352;SFG. MOLINA;LA;SZEE;5.847
202352;SFG. MOLINA;LA;LYEE;198
202352;SFG. MOLINA;LA;PZEE;4.052
202352;SFG. MOLINA;SK;PZAA;23.154
202352;SFG. MOLINA;LA;PWEE;418
202352;SFG. MOLINA;SK;GWAA;78
202352;SFG. MOLINA;SK;GYAA;208
202352;SFG. MOLINA;LA;XZEE;2.261
202352;SFG. MOLINA;SH;JYAA;16.808
202352;SFG. MOLINA;LA;JZEE;3.882
202352;SFG. MOLINA;LA;JYEE;1.802
202352;SFG. MOLINA;BI;JWBB;271
202352;SFG. MOLINA;LA;JWEE;392
202352;SFG. MOLINA;LA;XYEE;925
202352;SFG. MOLINA;LA;LZEE;462
202352;SFG. MOLINA;SH;GZEE;1.867
202352;SFG. MOLINA;LA;SWEE;518
202352;SFG. MOLINA;SH;LYDD;867
202352;SFG. MOLINA;LA;SYEE;2.401
202352;SFG. MOLINA;LA;GYEE;153
202352;SFG. MOLINA;LA;XZDD;4.522
202352;SFG. MOLINA;SK;JZAA;17.480
202352;SFG. MOLINA;SH;GYEE;8
202352;SFG. MOLINA;LA;JSPZABC;234.280
202352;SFG. MOLINA;LA;XYDD;1.850
202352;SFG. MOLINA;SK;SYAA;6.522
202352;SFG. MOLINA;SK;JWAA;4.222
202352;SFG. MOLINA;LA;JWDD;785
202352;SFG. MOLINA;SH;XYDD;4.016
202352;SFG. MOLINA;SH;PYBB;1.643
202352;SFG. MOLINA;LA;JYDD;3.605
202352;SFG. MOLINA;SK;JSPZABC;112.825
202352;SFG. MOLINA;LA;GWEE;32
202352;SFG. MOLINA;SH;LZDD;2.078
202352;SFG. MOLINA;SH;GWEE;1
202352;SFG. MOLINA;SK;PWAA;8.020
202352;SFG. MOLINA;SK;PYAA;3.505
202352;SFG. MOLINA;LA;LYDD;396
202352;SFG. MOLINA;LA;LZDD;924
202352;SFG. MOLINA;SK;SWAA;7.522
202352;SFG. MOLINA;LA;GZEE;1.790
202352;SFG. MOLINA;SK;SZAA;32.370
202352;SFG. MOLINA;SK;PYDD;637
202352;SFG. MOLINA;LA;GZBB;5.371
202352;SFG. MOLINA;SH;JZEE;5.497
202352;SFG. MOLINA;SH;SZDD;26.502
202352;SFG. MOLINA;LA;GWBB;95
202352;SFG. MOLINA;SK;PWDD;1.458
202352;SFG. MOLINA;SK;SWDD;1.368
202352;SFG. MOLINA;LA;LZAA;5.543
202352;SFG. MOLINA;SK;SYDD;1.186
202352;SFG. MOLINA;SK;SZDD;5.885
202352;SFG. MOLINA;KO;XJYZAB;36.046
202352;SFG. MOLINA;LA;LYAA;2.377
202352;SFG. MOLINA;LA;PYBB;4.459
202352;SFG. MOLINA;SH;JZAA;49.473
202352;SFG. MOLINA;LA;SZBB;17.540
202352;SFG. MOLINA;SK;LYCC;237
202352;SFG. MOLINA;SK;GZDD;1.586
202352;SFG. MOLINA;SK;GWDD;14
202352;SFG. MOLINA;LA;PZBB;12.156
202352;SFG. MOLINA;SK;GYDD;38
202352;SFG. MOLINA;LA;GYBB;458
202352;SFG. MOLINA;SK;PZDD;4.210
202352;SFG. MOLINA;LA;PWBB;1.253
202352;SFG. MOLINA;LA;SYAA;28.811
202352;SFG. MOLINA;SK;LZDD;265
202352;SFG. MOLINA;RE;JSPZABC;145.933
202352;SFG. MOLINA;LA;JZAA;46.588
202352;SFG. MOLINA;SK;XYDD;404
202352;SFG. MOLINA;LA;SWAA;6.213
202352;SFG. MOLINA;SH;JYEE;1.868
202352;SFG. MOLINA;SH;PWDD;1.247
202352;SFG. MOLINA;SK;GZEE;793
202352;SFG. MOLINA;LA;SZAA;70.162
202352;SFG. MOLINA;SK;LYDD;119
202352;SFG. MOLINA;LA;XZAA;27.135
202352;SFG. MOLINA;SH;JWEE;651
202352;SFG. MOLINA;LA;XYAA;11.100
202352;SFG. MOLINA;SK;JZDD;3.178
202352;SFG. MOLINA;SH;PYDD;3.286
202352;SFG. MOLINA;SK;JWDD;768
202352;SFG. MOLINA;LA;JWAA;4.707
202352;SFG. MOLINA;SK;XZDD;1.583
202352;SFG. MOLINA;SH;SZBB;13.251
202352;SFG. MOLINA;LA;JYAA;21.628
202352;SFG. MOLINA;SK;JYDD;845
202352;SFG. MOLINA;SK;PWCC;2.917
202352;SFG. MOLINA;KO;JSPZABC;50.478
202352;SFG. MOLINA;LA;PZCC;8.104
202352;SFG. MOLINA;SK;GYCC;76
202352;SFG. MOLINA;LA;GYCC;306
202352;SFG. MOLINA;SK;PZCC;8.420
202352;SFG. MOLINA;LA;GWCC;64
202352;SFG. MOLINA;LA;GZCC;3.581
202352;SFG. MOLINA;SK;PYCC;1.274
202352;SFG. MOLINA;SK;SWCC;2.735
202352;SFG. MOLINA;SK;SZCC;11.771
202352;SFG. MOLINA;SK;LYBB;119
202352;SFG. MOLINA;LA;SWCC;1.035
202352;SFG. MOLINA;LA;SZCC;11.694
202352;SFG. MOLINA;SH;JSPZABC;228.531
202352;SFG. MOLINA;SK;LZBB;265
202352;SFG. MOLINA;SK;XYBB;404
202352;SFG. MOLINA;LA;PWCC;835
202352;SFG. MOLINA;SK;GWCC;28
202352;SFG. MOLINA;SH;JZDD;21.988
202352;SFG. MOLINA;SH;SZEE;6.625
202352;SFG. MOLINA;LA;PYCC;2.973
202352;SFG. MOLINA;SK;GZCC;3.172
202352;SFG. MOLINA;LA;LYBB;594
202352;SFG. MOLINA;LA;JZBB;11.647
202352;SFG. MOLINA;SK;JYCC;1.690
202352;SFG. MOLINA;LA;JYBB;5.407
202352;SFG. MOLINA;SK;XZCC;3.166
202352;SFG. MOLINA;LA;JWBB;1.177
202352;SFG. MOLINA;LA;SWBB;1.553
202352;SFG. MOLINA;SH;SWDD;2.930
202352;SFG. MOLINA;SH;XYAA;9.036
202352;SFG. MOLINA;SK;LZCC;530
202352;SFG. MOLINA;SK;XYCC;809
202352;SFG. MOLINA;SH;SYEE;1.977
202352;SFG. MOLINA;LA;SYBB;7.203
202352;SFG. MOLINA;SH;SWEE;733
202352;SFG. MOLINA;LA;XYBB;2.775
202352;SFG. MOLINA;SH;SYDD;7.909
202352;SFG. MOLINA;LA;LZBB;1.386
202352;SFG. MOLINA;SK;SYCC;2.372
202352;SFG. MOLINA;SK;JWCC;1.535
202352;SFG. MOLINA;LA;XZBB;6.784
202352;SFG. MOLINA;SK;JZCC;6.356
202352;SFG. MOLINA;RE;SWBB;4.951
202352;SFG. MOLINA;SH;GZCC;7.466
202352;SFG. MOLINA;RE;SZBB;7.231
202352;SFG. MOLINA;RE;JZBB;7.324
202352;SFG. MOLINA;RE;SYBB;518
202352;SFG. MOLINA;SH;PWBB;624
202352;SFG. MOLINA;RE;PYBB;120
202352;SFG. MOLINA;RE;PZBB;2.614
202352;SFG. MOLINA;SH;GWCC;6
202352;SFG. MOLINA;BI;XJYZAB;9.211
202352;SFG. MOLINA;RE;GYBB;1
202352;SFG. MOLINA;RE;PWBB;2.392
202352;SFG. MOLINA;SH;PWAA;2.806
202352;SFG. MOLINA;RE;LZBB;982
202352;SFG. MOLINA;RE;XJYZAB;90.836
202352;SFG. MOLINA;SH;LYBB;434
202352;SFG. MOLINA;RE;GZCC;5.274
202352;SFG. MOLINA;RE;LYBB;77
202352;SFG. MOLINA;RE;JWBB;4.445
202352;SFG. MOLINA;SH;XJSPZAB;202.890
202352;SFG. MOLINA;RE;JYBB;556
202352;SFG. MOLINA;RE;PYEE;60
202352;SFG. MOLINA;RE;XYBB;359
202352;SFG. MOLINA;RE;XZBB;5.736
202352;SFG. MOLINA;SH;SYBB;3.954
202352;SFG. MOLINA;SK;LYZABCD;3.644
202352;SFG. MOLINA;RE;SZAA;39.770
202352;SFG. MOLINA;RE;SWAA;27.232
202352;SFG. MOLINA;RE;JZAA;40.280
202352;SFG. MOLINA;RE;SYAA;2.848
202352;SFG. MOLINA;RE;GYAA;6
202352;SFG. MOLINA;RE;GWAA;668
202352;SFG. MOLINA;RE;SYEE;259
202352;SFG. MOLINA;RE;PYAA;661
202352;SFG. MOLINA;SH;PZCC;12.452
202352;SFG. MOLINA;RE;PZAA;14.377
202352;SFG. MOLINA;RE;PWAA;13.158
202352;SFG. MOLINA;RE;LYAA;426
202352;SFG. MOLINA;RE;LZAA;5.402
202352;SFG. MOLINA;RE;XYAA;1.976
202352;SFG. MOLINA;RE;GWBB;121
202352;SFG. MOLINA;SH;GYBB;16
202352;SFG. MOLINA;RE;GZBB;2.637
202352;SFG. MOLINA;RE;JYAA;3.056
202352;SFG. MOLINA;SH;GYAA;71
202352;SFG. MOLINA;RE;SWEE;2.476
202352;SFG. MOLINA;RE;JWAA;24.449
202352;SFG. MOLINA;RE;XZAA;31.549
202352;SFG. MOLINA;SH;GYCC;32
202352;SFG. MOLINA;SH;JYBB;3.735
202352;SFG. MOLINA;RE;SZDD;7.231
202352;SFG. MOLINA;RE;PYDD;120
202352;SFG. MOLINA;SH;XJYZAB;127.354
202352;SFG. MOLINA;RE;GYEE;1
202352;SFG. MOLINA;RE;SYDD;518
202352;SFG. MOLINA;SH;JZBB;10.994
202352;SFG. MOLINA;RE;SWDD;4.951
202352;SFG. MOLINA;RE;PWDD;2.392
202352;SFG. MOLINA;RE;GYDD;1
202352;SFG. MOLINA;RE;GWDD;121
202352;SFG. MOLINA;RE;GZDD;2.637
202352;SFG. MOLINA;RE;PZDD;2.614
202352;SFG. MOLINA;RE;LZDD;982
202352;SFG. MOLINA;RE;LYDD;77
202352;SFG. MOLINA;RE;XYDD;359
202352;SFG. MOLINA;RE;GWEE;61
202352;SFG. MOLINA;RE;GZEE;1.318
202352;SFG. MOLINA;BI;XJSPZAB;11.374
202352;SFG. MOLINA;SH;GWAA;12
202352;SFG. MOLINA;RE;JYDD;556
202352;SFG. MOLINA;RE;JZDD;7.324
202352;SFG. MOLINA;RE;JWDD;4.445
202352;SFG. MOLINA;RE;XZDD;5.736
202352;SFG. MOLINA;SK;XJYZAB;39.070
202352;SFG. MOLINA;SH;JWBB;1.303
202352;SFG. MOLINA;RE;SZCC;14.462
202352;SFG. MOLINA;RE;SWCC;9.903
202352;SFG. MOLINA;RE;PWEE;1.196
202352;SFG. MOLINA;RE;JZCC;14.647
202352;SFG. MOLINA;RE;SYCC;1.036
202352;SFG. MOLINA;RE;PYCC;240
202352;SFG. MOLINA;RE;GYCC;2
202352;SFG. MOLINA;RE;GWCC;243
202352;SFG. MOLINA;RE;PZCC;5.228
202352;SFG. MOLINA;RE;PWCC;4.785
202352;SFG. MOLINA;SH;LZBB;1.039
202352;SFG. MOLINA;LA;XJYZAB;133.064
202352;SFG. MOLINA;RE;PZEE;1.307
202352;SFG. MOLINA;RE;LZCC;1.964
202352;SFG. MOLINA;RE;XYCC;719
202352;SFG. MOLINA;SH;PZAA;28.017
202352;SFG. MOLINA;SH;XZBB;6.418
202352;SFG. MOLINA;RE;LYCC;155
202352;SFG. MOLINA;SH;JSPZAB;167.590
202352;SFG. MOLINA;RE;JWCC;8.891
202352;SFG. MOLINA;SH;XYBB;2.008
202352;SFG. MOLINA;RE;XZCC;11.472
202352;SFG. MOLINA;SH;PZBB;6.226
202352;SFG. MOLINA;RE;JYCC;1.111
202352;SFG. MOLINA;SH;SYCC;7.909
202352;SFG. MOLINA;KO;PWEE;812
202352;SFG. MOLINA;LA;JSPZAB;206.718
202352;SFG. MOLINA;BI;XYAA;504
202352;SFG. MOLINA;BI;XZAA;3.112
202352;SFG. MOLINA;KO;JWEE;1.542
202352;SFG. MOLINA;KO;SYDD;560
202352;SFG. MOLINA;KO;XYDD;291
202352;SFG. MOLINA;LA;LYZABCD;12.541
202352;SFG. MOLINA;KO;XZEE;1.353
202352;SFG. MOLINA;BI;GYAA;1
202352;SFG. MOLINA;BI;LZAA;728
202352;SFG. MOLINA;KO;XYEE;73
202352;SFG. MOLINA;KO;SWDD;7.265
202352;SFG. MOLINA;KO;JYEE;110
202352;SFG. MOLINA;SH;SZCC;26.502
202352;SFG. MOLINA;SH;SWCC;2.930
202352;SFG. MOLINA;BI;SWAA;619
202352;SFG. MOLINA;KO;SZEE;1.495
202352;SFG. MOLINA;KO;JWDD;6.170
202352;SFG. MOLINA;KO;SYEE;140
202352;SFG. MOLINA;SH;PYAA;7.394
202352;SFG. MOLINA;RE;JWEE;2.223
202352;SFG. MOLINA;BI;JWAA;1.086
202352;SFG. MOLINA;SH;GWBB;3
202352;SFG. MOLINA;KO;JYDD;439
202352;SFG. MOLINA;KO;SWEE;1.816
202352;SFG. MOLINA;KO;XZDD;5.410
202352;SFG. MOLINA;BI;JZAA;3.159
202352;SFG. MOLINA;BI;GZAA;938
202352;SFG. MOLINA;KO;JZDD;4.951
202352;SFG. MOLINA;BI;SYAA;391
202352;SFG. MOLINA;KO;PYEE;24
202352;SFG. MOLINA;SH;PYCC;3.286
202352;SFG. MOLINA;KO;JZEE;1.238
202352;SFG. MOLINA;BI;JYAA;594
202352;SFG. MOLINA;RE;JZEE;3.662
202352;SFG. MOLINA;KO;LZDD;1.114
202352;SFG. MOLINA;KO;LYDD;83
202352;SFG. MOLINA;BI;PZAA;543
202352;SFG. MOLINA;BI;PWAA;137
202352;SFG. MOLINA;SK;XJSPZAB;96.569
202352;SFG. MOLINA;SH;PWCC;1.247
202352;SFG. MOLINA;KO;PWDD;3.246
202352;SFG. MOLINA;BI;GZBB;234
202352;SFG. MOLINA;KO;LZEE;278
202352;SFG. MOLINA;BI;SZAA;2.286
202352;SFG. MOLINA;KO;GZEE;674
202352;SFG. MOLINA;KO;PYDD;98
202352;SFG. MOLINA;RE;JYEE;278
202352;SFG. MOLINA;BI;PYAA;72
202352;SFG. MOLINA;RE;SZEE;3.615
202352;SFG. MOLINA;KO;SZDD;5.982
202352;SFG. MOLINA;KO;PZEE;632
202352;SFG. MOLINA;RE;GZAA;14.503
202352;SFG. MOLINA;KO;LYEE;21
202352;SFG. MOLINA;KO;GWEE;44
202352;SFG. MOLINA;SH;LYZABCD;13.988
202352;SFG. MOLINA;BI;LYAA;160
202352;GF MALLOA;RE;XYCC;2.083
202352;GF MALLOA;RE;XZCC;33.251
202352;GF MALLOA;RE;LZCC;5.694
202352;GF MALLOA;RE;PYCC;696
202352;GF MALLOA;RE;SZCC;41.916
202352;GF MALLOA;RE;PZEE;3.788
202352;GF MALLOA;RE;SYCC;3.002
202352;GF MALLOA;RE;JWCC;25.769
202352;GF MALLOA;RE;JZCC;42.453
202352;GF MALLOA;RE;SWCC;28.702
202352;GF MALLOA;RE;JYCC;3.221
202352;GF MALLOA;RE;XYEE;521
202352;GF MALLOA;RE;JYDD;1.611
202352;GF MALLOA;RE;JWDD;12.884
202352;GF MALLOA;RE;JZDD;21.226
202352;GF MALLOA;RE;SWDD;14.351
202352;GF MALLOA;RE;SYDD;1.501
202352;GF MALLOA;RE;JYEE;805
202352;GF MALLOA;RE;LYDD;224
202352;GF MALLOA;LA;XYEE;480
202352;GF MALLOA;LA;JYEE;935
202352;GF MALLOA;RE;GZEE;3.821
202352;GF MALLOA;LA;XZEE;1.173
202352;GF MALLOA;LA;LZEE;240
202352;GF MALLOA;RE;XYDD;1.041
202352;GF MALLOA;RE;XZDD;16.626
202352;GF MALLOA;LA;LYEE;103
202352;GF MALLOA;RE;LZDD;2.847
202352;GF MALLOA;RE;GWEE;176
202352;GF MALLOA;RE;GWDD;352
202352;GF MALLOA;RE;JWEE;6.442
202352;GF MALLOA;RE;GYDD;3
202352;GF MALLOA;RE;LYCC;449
202352;GF MALLOA;RE;GZDD;7.643
202352;GF MALLOA;RE;PYDD;348
202352;GF MALLOA;RE;XZEE;8.313
202352;GF MALLOA;RE;SZDD;20.958
202352;GF MALLOA;RE;PZDD;7.576
202352;GF MALLOA;RE;GYEE;2
202352;GF MALLOA;RE;PWDD;6.934
202352;GF MALLOA;RE;XZAA;91.442
202352;GF MALLOA;RE;LZAA;15.657
202352;GF MALLOA;RE;XYAA;5.727
202352;GF MALLOA;RE;JWAA;70.863
202352;GF MALLOA;RE;JYAA;8.858
202352;GF MALLOA;RE;GWBB;352
202352;GF MALLOA;RE;GZBB;7.643
202352;GF MALLOA;RE;GYBB;3
202352;GF MALLOA;RE;SZEE;10.479
202352;GF MALLOA;RE;LYAA;1.234
202352;GF MALLOA;RE;LYEE;112
202352;GF MALLOA;RE;PZAA;41.671
202352;GF MALLOA;RE;PWAA;38.136
202352;GF MALLOA;RE;SYEE;750
202352;GF MALLOA;RE;GZAA;42.036
202352;GF MALLOA;RE;GWAA;1.936
202352;GF MALLOA;LA;JSPZAB;107.226
202352;GF MALLOA;RE;GYAA;18
202352;GF MALLOA;RE;SWEE;7.175
202352;GF MALLOA;RE;SYAA;8.255
202352;GF MALLOA;RE;JZAA;116.746
202352;GF MALLOA;RE;SZAA;115.269
202352;GF MALLOA;RE;PYAA;1.915
202352;GF MALLOA;RE;SWAA;78.930
202352;GF MALLOA;RE;LZBB;2.847
202352;GF MALLOA;RE;LYBB;224
202352;GF MALLOA;RE;XZBB;16.626
202352;GF MALLOA;RE;JYBB;1.611
202352;GF MALLOA;RE;PYEE;174
202352;GF MALLOA;RE;XYBB;1.041
202352;GF MALLOA;RE;JZEE;10.613
202352;GF MALLOA;RE;PZCC;15.153
202352;GF MALLOA;RE;PWCC;13.868
202352;GF MALLOA;RE;PWEE;3.467
202352;GF MALLOA;RE;GZCC;15.286
202352;GF MALLOA;RE;GYCC;6
202352;GF MALLOA;RE;GWCC;704
202352;GF MALLOA;RE;PYBB;348
202352;GF MALLOA;RE;LZEE;1.423
202352;GF MALLOA;RE;SWBB;14.351
202352;GF MALLOA;RE;SZBB;20.958
202352;GF MALLOA;RE;PZBB;7.576
202352;GF MALLOA;RE;PWBB;6.934
202352;GF MALLOA;RE;JZBB;21.226
202352;GF MALLOA;RE;JWBB;12.884
202352;GF MALLOA;RE;SYBB;1.501
202352;GF MALLOA;LA;SZBB;9.098
202352;GF MALLOA;LA;PYBB;2.313
202352;GF MALLOA;LA;JZBB;6.041
202352;GF MALLOA;LA;SYBB;3.736
202352;GF MALLOA;LA;SWBB;806
202352;GF MALLOA;LA;GWBB;49
202352;GF MALLOA;LA;GZBB;2.786
202352;GF MALLOA;LA;PZBB;6.305
202352;GF MALLOA;LA;PWBB;650
202352;GF MALLOA;LA;GYBB;238
202352;GF MALLOA;LA;JWBB;610
202352;GF MALLOA;LA;GZCC;1.857
202352;GF MALLOA;LA;GWCC;33
202352;GF MALLOA;LA;PZCC;4.204
202352;GF MALLOA;LA;GYCC;159
202352;GF MALLOA;LA;JYBB;2.805
202352;GF MALLOA;LA;LYBB;308
202352;GF MALLOA;LA;XZBB;3.519
202352;GF MALLOA;LA;XYBB;1.439
202352;GF MALLOA;LA;LZBB;719
202352;GF MALLOA;LA;GWAA;198
202352;GF MALLOA;LA;PWAA;2.599
202352;GF MALLOA;LA;GYAA;951
202352;GF MALLOA;LA;PZAA;25.222
202352;GF MALLOA;LA;GZAA;11.145
202352;GF MALLOA;RE;XJYZAB;263.277
202352;GF MALLOA;LA;XJYZAB;69.021
202352;GF MALLOA;LA;XZAA;14.075
202352;GF MALLOA;LA;XYAA;5.758
202352;GF MALLOA;RE;JSPZABC;422.968
202352;GF MALLOA;LA;JYAA;11.219
202352;GF MALLOA;LA;LYAA;1.233
202352;GF MALLOA;LA;LZAA;2.875
202352;GF MALLOA;LA;SZAA;36.393
202352;GF MALLOA;LA;SWAA;3.223
202352;GF MALLOA;LA;PYAA;9.251
202352;GF MALLOA;LA;JWAA;2.442
202352;GF MALLOA;LA;SYAA;14.945
202352;GF MALLOA;LA;JZAA;24.166
202352;GF MALLOA;LA;XYDD;960
202352;GF MALLOA;LA;JYDD;1.870
202352;GF MALLOA;LA;XZDD;2.346
202352;GF MALLOA;LA;LYDD;205
202352;GF MALLOA;LA;LZDD;479
202352;GF MALLOA;LA;SYDD;2.491
202352;GF MALLOA;LA;SZDD;6.066
202352;GF MALLOA;LA;SWDD;537
202352;GF MALLOA;RE;XJSPZAB;431.514
202352;GF MALLOA;LA;JWDD;407
202352;GF MALLOA;LA;JZDD;4.028
202352;GF MALLOA;LA;JSPZABC;121.523
202352;GF MALLOA;LA;SWEE;269
202352;GF MALLOA;LA;SYEE;1.245
202352;GF MALLOA;LA;SZEE;3.033
202352;GF MALLOA;LA;LYZABCD;6.505
202352;GF MALLOA;LA;JWEE;203
202352;GF MALLOA;LA;JZEE;2.014
202352;GF MALLOA;LA;GYEE;79
202352;GF MALLOA;LA;GZEE;929
202352;GF MALLOA;LA;GWEE;16
202352;GF MALLOA;LA;PWEE;217
202352;GF MALLOA;LA;PYEE;771
202352;GF MALLOA;LA;PZEE;2.102
202352;GF MALLOA;LA;JWCC;407
202352;GF MALLOA;LA;SYCC;2.491
202352;GF MALLOA;LA;JZCC;4.028
202352;GF MALLOA;LA;JYCC;1.870
202352;GF MALLOA;LA;XZCC;2.346
202352;GF MALLOA;LA;XYCC;960
202352;GF MALLOA;LA;PYCC;1.542
202352;GF MALLOA;LA;SZCC;6.066
202352;GF MALLOA;LA;PWCC;433
202352;GF MALLOA;LA;SWCC;537
202352;GF MALLOA;LA;GYDD;159
202352;GF MALLOA;LA;PZDD;4.204
202352;GF MALLOA;LA;XJSPZAB;124.820
202352;GF MALLOA;LA;GWDD;33
202352;GF MALLOA;LA;PYDD;1.542
202352;GF MALLOA;LA;PWDD;433
202352;GF MALLOA;LA;LYCC;205
202352;GF MALLOA;LA;LZCC;479
202352;GF MALLOA;LA;GZDD;1.857
