NRO_PEDIDO;SEMANA;ESPECIE;PAIS;GRUPO_VARIEDAD;FAMILIA;VIA_TRANSPORTE;FORMATO;ETIQUETA;SELLADORA;ID_CALIBRE;KILOS_MAX_PEDIDO;PUNTAJE;SFG MOSTAZAL;SFG. MOLINA;GF MALLOA;CHAMONATE SPA;LOS NOBLES;AGRICOLA EL CARMELO;Premio
1;202352;CEREZAS;LEJANO ORIENTE;BI;ROJA;MARÍTIMO;C0535100CEAMGR;PREMIUM;Cualquiera;GZAA;1078,539;50;0,1;0,2;0,3;0,4;0,4;0,4;0
2;202352;CEREZAS;LEJANO ORIENTE;BI;ROJA;MARÍTIMO;C0535100CEAMGR;ALTERNATIVA;Cualquiera;GWAA;0,227417768;50;0,1;0,2;0,3;0,4;0,4;0,4;0
3;202352;CEREZAS;LEJANO ORIENTE;BI;ROJA;MARÍTIMO;C0535100CEAMGR;PREMIUM;Cualquiera;GYAA;1,000638178;50;0,1;0,2;0,3;0,4;0,4;0,4;0
4;202352;CEREZAS;LEJANO ORIENTE;BI;ROJA;MARÍTIMO;C0535100CEAMGR;PREMIUM;Cualquiera;PZAA;624,1844506;50;0,1;0,2;0,3;0,4;0,4;0,4;0
5;202352;CEREZAS;LEJANO ORIENTE;BI;ROJA;MARÍTIMO;C0535100CEAMGR;ALTERNATIVA;Cualquiera;PWAA;157,0001302;50;0,1;0,2;0,3;0,4;0,4;0,4;0
6;202352;CEREZAS;LEJANO ORIENTE;BI;ROJA;MARÍTIMO;C0535100CEAMGR;PREMIUM;Cualquiera;PYAA;82,92788904;50;0,1;0,2;0,3;0,4;0,4;0,4;0
7;202352;CEREZAS;LEJANO ORIENTE;BI;ROJA;MARÍTIMO;C0535100CEAMGR;PREMIUM;Cualquiera;SZAA;2628,719704;50;0,1;0,2;0,3;0,4;0,4;0,4;0
8;202352;CEREZAS;LEJANO ORIENTE;BI;ROJA;MARÍTIMO;C0535100CEAMGR;ALTERNATIVA;Cualquiera;SWAA;711,5924697;50;0,1;0,2;0,3;0,4;0,4;0,4;0
9;202352;CEREZAS;LEJANO ORIENTE;BI;ROJA;MARÍTIMO;C0535100CEAMGR;PREMIUM;Cualquiera;SYAA;449,6185721;50;0,1;0,2;0,3;0,4;0,4;0,4;0
10;202352;CEREZAS;LEJANO ORIENTE;BI;ROJA;MARÍTIMO;C0535100CEAMGR;PREMIUM;Cualquiera;JZAA;3633,03591;50;0,1;0,2;0,3;0,4;0,4;0,4;0
11;202352;CEREZAS;LEJANO ORIENTE;BI;ROJA;MARÍTIMO;C0535100CEAMGR;ALTERNATIVA;Cualquiera;JWAA;1248,598593;50;0,1;0,2;0,3;0,4;0,4;0,4;0
12;202352;CEREZAS;LEJANO ORIENTE;BI;ROJA;MARÍTIMO;C0535100CEAMGR;PREMIUM;Cualquiera;JYAA;683,2061839;50;0,1;0,2;0,3;0,4;0,4;0,4;0
13;202352;CEREZAS;LEJANO ORIENTE;BI;ROJA;MARÍTIMO;C0535096CEAMGR;TRADICIONAL;Cualquiera;XZAA;3578,511818;50;0,1;0,2;0,3;0,4;0,4;0,4;0
14;202352;CEREZAS;LEJANO ORIENTE;BI;ROJA;MARÍTIMO;C0535096CEAMGR;TRADICIONAL;Cualquiera;XYAA;579,6696968;50;0,1;0,2;0,3;0,4;0,4;0,4;0
15;202352;CEREZAS;LEJANO ORIENTE;BI;ROJA;MARÍTIMO;C0535096CEAMGR;TRADICIONAL;Cualquiera;LZAA;837,3749629;50;0,1;0,2;0,3;0,4;0,4;0,4;0
16;202352;CEREZAS;LEJANO ORIENTE;BI;ROJA;MARÍTIMO;C0535096CEAMGR;TRADICIONAL;Cualquiera;LYAA;183,6512184;50;0,1;0,2;0,3;0,4;0,4;0,4;0
17;202352;CEREZAS;LEJANO ORIENTE;BI;ROJA;MARÍTIMO;C0535100CEAMGR;PREMIUM;Cualquiera;GZBB;269,63475;50;0,1;0,2;0,3;0,4;0,4;0,4;0
18;202352;CEREZAS;LEJANO ORIENTE;BI;ROJA;MARÍTIMO;C0535100CEAMGR;ALTERNATIVA;Cualquiera;GWBB;0,056854442;50;0,1;0,2;0,3;0,4;0,4;0,4;0
19;202352;CEREZAS;LEJANO ORIENTE;BI;ROJA;MARÍTIMO;C0535100CEAMGR;PREMIUM;Cualquiera;GYBB;0,250159545;50;0,1;0,2;0,3;0,4;0,4;0,4;0
20;202352;CEREZAS;LEJANO ORIENTE;BI;ROJA;MARÍTIMO;C0535100CEAMGR;PREMIUM;Cualquiera;PZBB;156,0461127;50;0,1;0,2;0,3;0,4;0,4;0,4;0
21;202352;CEREZAS;LEJANO ORIENTE;BI;ROJA;MARÍTIMO;C0535100CEAMGR;ALTERNATIVA;Cualquiera;PWBB;39,25003255;50;0,1;0,2;0,3;0,4;0,4;0,4;0
22;202352;CEREZAS;LEJANO ORIENTE;BI;ROJA;MARÍTIMO;C0535100CEAMGR;PREMIUM;Cualquiera;PYBB;20,73197226;50;0,1;0,2;0,3;0,4;0,4;0,4;0
23;202352;CEREZAS;LEJANO ORIENTE;BI;ROJA;MARÍTIMO;C0535100CEAMGR;PREMIUM;Cualquiera;SZBB;657,179926;50;0,1;0,2;0,3;0,4;0,4;0,4;0
24;202352;CEREZAS;LEJANO ORIENTE;BI;ROJA;MARÍTIMO;C0535100CEAMGR;ALTERNATIVA;Cualquiera;SWBB;177,8981174;50;0,1;0,2;0,3;0,4;0,4;0,4;0
25;202352;CEREZAS;LEJANO ORIENTE;BI;ROJA;MARÍTIMO;C0535100CEAMGR;PREMIUM;Cualquiera;SYBB;112,404643;50;0,1;0,2;0,3;0,4;0,4;0,4;0
26;202352;CEREZAS;LEJANO ORIENTE;BI;ROJA;MARÍTIMO;C0535100CEAMGR;PREMIUM;Cualquiera;JZBB;908,2589775;50;0,1;0,2;0,3;0,4;0,4;0,4;0
27;202352;CEREZAS;LEJANO ORIENTE;BI;ROJA;MARÍTIMO;C0535100CEAMGR;ALTERNATIVA;Cualquiera;JWBB;312,1496483;50;0,1;0,2;0,3;0,4;0,4;0,4;0
28;202352;CEREZAS;LEJANO ORIENTE;BI;ROJA;MARÍTIMO;C0535100CEAMGR;PREMIUM;Cualquiera;JYBB;170,801546;50;0,1;0,2;0,3;0,4;0,4;0,4;0
29;202352;CEREZAS;LEJANO ORIENTE;BI;ROJA;MARÍTIMO;C0535096CEAMGR;TRADICIONAL;Cualquiera;XZBB;894,6279545;50;0,1;0,2;0,3;0,4;0,4;0,4;0
30;202352;CEREZAS;LEJANO ORIENTE;BI;ROJA;MARÍTIMO;C0535096CEAMGR;TRADICIONAL;Cualquiera;XYBB;144,9174242;50;0,1;0,2;0,3;0,4;0,4;0,4;0
31;202352;CEREZAS;LEJANO ORIENTE;BI;ROJA;MARÍTIMO;C0535096CEAMGR;TRADICIONAL;Cualquiera;LZBB;209,3437407;50;0,1;0,2;0,3;0,4;0,4;0,4;0
32;202352;CEREZAS;LEJANO ORIENTE;BI;ROJA;MARÍTIMO;C0535096CEAMGR;TRADICIONAL;Cualquiera;LYBB;45,9128046;50;0,1;0,2;0,3;0,4;0,4;0,4;0
33;202352;CEREZAS;LEJANO ORIENTE;BI;ROJA;MARÍTIMO;C0535100CEAMGR;PREMIUM;Cualquiera;GZCC;674,086875;50;0,1;0,2;0,3;0,4;0,4;0,4;0
34;202352;CEREZAS;LEJANO ORIENTE;BI;ROJA;MARÍTIMO;C0535096CEAMGR;TRADICIONAL;Cualquiera;GWCC;0,142136105;50;0,1;0,2;0,3;0,4;0,4;0,4;0
35;202352;CEREZAS;LEJANO ORIENTE;BI;ROJA;MARÍTIMO;C0535100CEAMGR;PREMIUM;Cualquiera;GYCC;0,625398862;50;0,1;0,2;0,3;0,4;0,4;0,4;0
36;202352;CEREZAS;LEJANO ORIENTE;BI;ROJA;MARÍTIMO;C0535100CEAMGR;PREMIUM;Cualquiera;PZCC;390,1152817;50;0,1;0,2;0,3;0,4;0,4;0,4;0
37;202352;CEREZAS;LEJANO ORIENTE;BI;ROJA;MARÍTIMO;C0535096CEAMGR;TRADICIONAL;Cualquiera;PWCC;98,12508137;50;0,1;0,2;0,3;0,4;0,4;0,4;0
38;202352;CEREZAS;LEJANO ORIENTE;BI;ROJA;MARÍTIMO;C0535100CEAMGR;PREMIUM;Cualquiera;PYCC;51,82993065;50;0,1;0,2;0,3;0,4;0,4;0,4;0
39;202352;CEREZAS;LEJANO ORIENTE;BI;ROJA;MARÍTIMO;C0535100CEAMGR;PREMIUM;Cualquiera;SZCC;1642,949815;50;0,1;0,2;0,3;0,4;0,4;0,4;0
40;202352;CEREZAS;LEJANO ORIENTE;BI;ROJA;MARÍTIMO;C0535096CEAMGR;TRADICIONAL;Cualquiera;SWCC;444,7452936;50;0,1;0,2;0,3;0,4;0,4;0,4;0
41;202352;CEREZAS;LEJANO ORIENTE;BI;ROJA;MARÍTIMO;C0535100CEAMGR;PREMIUM;Cualquiera;SYCC;281,0116075;50;0,1;0,2;0,3;0,4;0,4;0,4;0
42;202352;CEREZAS;LEJANO ORIENTE;BI;ROJA;MARÍTIMO;C0535100CEAMGR;PREMIUM;Cualquiera;JZCC;2270,647444;50;0,1;0,2;0,3;0,4;0,4;0,4;0
43;202352;CEREZAS;LEJANO ORIENTE;BI;ROJA;MARÍTIMO;C0535096CEAMGR;TRADICIONAL;Cualquiera;JWCC;780,3741208;50;0,1;0,2;0,3;0,4;0,4;0,4;0
44;202352;CEREZAS;LEJANO ORIENTE;BI;ROJA;MARÍTIMO;C0535100CEAMGR;PREMIUM;Cualquiera;JYCC;427,003865;50;0,1;0,2;0,3;0,4;0,4;0,4;0
45;202352;CEREZAS;LEJANO ORIENTE;BI;ROJA;MARÍTIMO;C0535096CEAMGR;ALTERNATIVA;Cualquiera;XZCC;2236,569886;50;0,1;0,2;0,3;0,4;0,4;0,4;0
46;202352;CEREZAS;LEJANO ORIENTE;BI;ROJA;MARÍTIMO;C0535096CEAMGR;ALTERNATIVA;Cualquiera;XYCC;362,2935605;50;0,1;0,2;0,3;0,4;0,4;0,4;0
47;202352;CEREZAS;LEJANO ORIENTE;BI;ROJA;MARÍTIMO;C0535096CEAMGR;ALTERNATIVA;Cualquiera;LZCC;523,3593518;50;0,1;0,2;0,3;0,4;0,4;0,4;0
48;202352;CEREZAS;LEJANO ORIENTE;BI;ROJA;MARÍTIMO;C0535096CEAMGR;ALTERNATIVA;Cualquiera;LYCC;114,7820115;50;0,1;0,2;0,3;0,4;0,4;0,4;0
49;202352;CEREZAS;LEJANO ORIENTE;BI;ROJA;MARÍTIMO;C0535100CEAMGR;ALTERNATIVA;Cualquiera;GZDD;404,452125;50;0,1;0,2;0,3;0,4;0,4;0,4;0
50;202352;CEREZAS;LEJANO ORIENTE;BI;ROJA;MARÍTIMO;C0535100CEAMGR;ALTERNATIVA;Cualquiera;GWDD;0,085281663;50;0,1;0,2;0,3;0,4;0,4;0,4;0
51;202352;CEREZAS;LEJANO ORIENTE;BI;ROJA;MARÍTIMO;C0535100CEAMGR;ALTERNATIVA;Cualquiera;GYDD;0,375239317;50;0,1;0,2;0,3;0,4;0,4;0,4;0
52;202352;CEREZAS;LEJANO ORIENTE;BI;ROJA;MARÍTIMO;C0535100CEAMGR;ALTERNATIVA;Cualquiera;PZDD;234,069169;50;0,1;0,2;0,3;0,4;0,4;0,4;0
53;202352;CEREZAS;LEJANO ORIENTE;BI;ROJA;MARÍTIMO;C0535100CEAMGR;ALTERNATIVA;Cualquiera;PWDD;58,87504882;50;0,1;0,2;0,3;0,4;0,4;0,4;0
54;202352;CEREZAS;LEJANO ORIENTE;BI;ROJA;MARÍTIMO;C0535100CEAMGR;ALTERNATIVA;Cualquiera;PYDD;31,09795839;50;0,1;0,2;0,3;0,4;0,4;0,4;0
55;202352;CEREZAS;LEJANO ORIENTE;BI;ROJA;MARÍTIMO;C0535100CEAMGR;ALTERNATIVA;Cualquiera;SZDD;985,7698891;50;0,1;0,2;0,3;0,4;0,4;0,4;0
56;202352;CEREZAS;LEJANO ORIENTE;BI;ROJA;MARÍTIMO;C0535100CEAMGR;ALTERNATIVA;Cualquiera;SWDD;266,8471761;50;0,1;0,2;0,3;0,4;0,4;0,4;0
57;202352;CEREZAS;LEJANO ORIENTE;BI;ROJA;MARÍTIMO;C0535100CEAMGR;ALTERNATIVA;Cualquiera;SYDD;168,6069645;50;0,1;0,2;0,3;0,4;0,4;0,4;0
58;202352;CEREZAS;LEJANO ORIENTE;BI;ROJA;MARÍTIMO;C0535100CEAMGR;ALTERNATIVA;Cualquiera;JZDD;1362,388466;50;0,1;0,2;0,3;0,4;0,4;0,4;0
59;202352;CEREZAS;LEJANO ORIENTE;BI;ROJA;MARÍTIMO;C0535100CEAMGR;ALTERNATIVA;Cualquiera;JWDD;468,2244725;50;0,1;0,2;0,3;0,4;0,4;0,4;0
60;202352;CEREZAS;LEJANO ORIENTE;BI;ROJA;MARÍTIMO;C0535100CEAMGR;ALTERNATIVA;Cualquiera;JYDD;256,202319;50;0,1;0,2;0,3;0,4;0,4;0,4;0
61;202352;CEREZAS;LEJANO ORIENTE;BI;ROJA;MARÍTIMO;C0535096CEAMGR;ALTERNATIVA;Cualquiera;XZDD;1341,941932;50;0,1;0,2;0,3;0,4;0,4;0,4;0
62;202352;CEREZAS;LEJANO ORIENTE;BI;ROJA;MARÍTIMO;C0535096CEAMGR;ALTERNATIVA;Cualquiera;XYDD;217,3761363;50;0,1;0,2;0,3;0,4;0,4;0,4;0
63;202352;CEREZAS;LEJANO ORIENTE;BI;ROJA;MARÍTIMO;C0535096CEAMGR;ALTERNATIVA;Cualquiera;LZDD;314,0156111;50;0,1;0,2;0,3;0,4;0,4;0,4;0
64;202352;CEREZAS;LEJANO ORIENTE;BI;ROJA;MARÍTIMO;C0535096CEAMGR;ALTERNATIVA;Cualquiera;LYDD;68,8692069;50;0,1;0,2;0,3;0,4;0,4;0,4;0
65;202352;CEREZAS;LEJANO ORIENTE;BI;ROJA;MARÍTIMO;C0535096CEAMGR;ALTERNATIVA;Cualquiera;GZEE;269,63475;50;0,1;0,2;0,3;0,4;0,4;0,4;0
66;202352;CEREZAS;LEJANO ORIENTE;BI;ROJA;MARÍTIMO;C0535096CEAMGR;ALTERNATIVA;Cualquiera;GWEE;0,056854442;50;0,1;0,2;0,3;0,4;0,4;0,4;0
67;202352;CEREZAS;LEJANO ORIENTE;BI;ROJA;MARÍTIMO;C0535096CEAMGR;ALTERNATIVA;Cualquiera;GYEE;0,250159545;50;0,1;0,2;0,3;0,4;0,4;0,4;0
68;202352;CEREZAS;LEJANO ORIENTE;BI;ROJA;MARÍTIMO;C0535096CEAMGR;ALTERNATIVA;Cualquiera;PZEE;156,0461127;50;0,1;0,2;0,3;0,4;0,4;0,4;0
69;202352;CEREZAS;LEJANO ORIENTE;BI;ROJA;MARÍTIMO;C0535096CEAMGR;ALTERNATIVA;Cualquiera;PWEE;39,25003255;50;0,1;0,2;0,3;0,4;0,4;0,4;0
70;202352;CEREZAS;LEJANO ORIENTE;BI;ROJA;MARÍTIMO;C0535096CEAMGR;ALTERNATIVA;Cualquiera;PYEE;20,73197226;50;0,1;0,2;0,3;0,4;0,4;0,4;0
71;202352;CEREZAS;LEJANO ORIENTE;BI;ROJA;MARÍTIMO;C0535096CEAMGR;ALTERNATIVA;Cualquiera;SZEE;657,179926;50;0,1;0,2;0,3;0,4;0,4;0,4;0
72;202352;CEREZAS;LEJANO ORIENTE;BI;ROJA;MARÍTIMO;C0535096CEAMGR;ALTERNATIVA;Cualquiera;SWEE;177,8981174;50;0,1;0,2;0,3;0,4;0,4;0,4;0
73;202352;CEREZAS;LEJANO ORIENTE;BI;ROJA;MARÍTIMO;C0535096CEAMGR;ALTERNATIVA;Cualquiera;SYEE;112,404643;50;0,1;0,2;0,3;0,4;0,4;0,4;0
74;202352;CEREZAS;LEJANO ORIENTE;BI;ROJA;MARÍTIMO;C0535096CEAMGR;ALTERNATIVA;Cualquiera;JZEE;908,2589775;50;0,1;0,2;0,3;0,4;0,4;0,4;0
75;202352;CEREZAS;LEJANO ORIENTE;BI;ROJA;MARÍTIMO;C0535096CEAMGR;ALTERNATIVA;Cualquiera;JWEE;312,1496483;50;0,1;0,2;0,3;0,4;0,4;0,4;0
76;202352;CEREZAS;LEJANO ORIENTE;BI;ROJA;MARÍTIMO;C0535096CEAMGR;ALTERNATIVA;Cualquiera;JYEE;170,801546;50;0,1;0,2;0,3;0,4;0,4;0,4;0
77;202352;CEREZAS;LEJANO ORIENTE;BI;ROJA;MARÍTIMO;C0535096CEAMGR;ALTERNATIVA;Cualquiera;XZEE;894,6279545;50;0,1;0,2;0,3;0,4;0,4;0,4;0
78;202352;CEREZAS;LEJANO ORIENTE;BI;ROJA;MARÍTIMO;C0535096CEAMGR;ALTERNATIVA;Cualquiera;XYEE;144,9174242;50;0,1;0,2;0,3;0,4;0,4;0,4;0
79;202352;CEREZAS;LEJANO ORIENTE;BI;ROJA;MARÍTIMO;C0535096CEAMGR;ALTERNATIVA;Cualquiera;LZEE;209,3437407;50;0,1;0,2;0,3;0,4;0,4;0,4;0
80;202352;CEREZAS;LEJANO ORIENTE;BI;ROJA;MARÍTIMO;C0535096CEAMGR;ALTERNATIVA;Cualquiera;LYEE;45,9128046;50;0,1;0,2;0,3;0,4;0,4;0,4;0
81;202352;CEREZAS;LEJANO ORIENTE;LA;ROJA;MARÍTIMO;C0535100CEAMGR;PREMIUM;Cualquiera;GZAA;77696,829;50;0,1;0,2;0,3;0,4;0,4;0,4;0
82;202352;CEREZAS;LEJANO ORIENTE;LA;ROJA;MARÍTIMO;C0535100CEAMGR;PREMIUM;Cualquiera;GWAA;1379,111192;50;0,1;0,2;0,3;0,4;0,4;0,4;0
83;202352;CEREZAS;LEJANO ORIENTE;LA;ROJA;MARÍTIMO;C0535100CEAMGR;PREMIUM;Cualquiera;GYAA;6631,934623;50;0,1;0,2;0,3;0,4;0,4;0,4;0
84;202352;CEREZAS;LEJANO ORIENTE;LA;ROJA;MARÍTIMO;C0535100CEAMGR;PREMIUM;Cualquiera;PZAA;175838,3155;50;0,1;0,2;0,3;0,4;0,4;0,4;0
85;202352;CEREZAS;LEJANO ORIENTE;LA;ROJA;MARÍTIMO;C0535100CEAMGR;PREMIUM;Cualquiera;PWAA;18117,42777;50;0,1;0,2;0,3;0,4;0,4;0,4;0
86;202352;CEREZAS;LEJANO ORIENTE;LA;ROJA;MARÍTIMO;C0535100CEAMGR;PREMIUM;Cualquiera;PYAA;64495,99943;50;0,1;0,2;0,3;0,4;0,4;0,4;0
87;202352;CEREZAS;LEJANO ORIENTE;LA;ROJA;MARÍTIMO;C0535100CEAMGR;PREMIUM;Cualquiera;SZAA;253721,5391;50;0,1;0,2;0,3;0,4;0,4;0,4;0
88;202352;CEREZAS;LEJANO ORIENTE;LA;ROJA;MARÍTIMO;C0535100CEAMGR;PREMIUM;Cualquiera;SWAA;22467,70653;50;0,1;0,2;0,3;0,4;0,4;0,4;0
89;202352;CEREZAS;LEJANO ORIENTE;LA;ROJA;MARÍTIMO;C0535100CEAMGR;PREMIUM;Cualquiera;SYAA;104188,3732;50;0,1;0,2;0,3;0,4;0,4;0,4;0
90;202352;CEREZAS;LEJANO ORIENTE;LA;ROJA;MARÍTIMO;C0535100CEAMGR;PREMIUM;Cualquiera;JZAA;168473,8939;50;0,1;0,2;0,3;0,4;0,4;0,4;0
91;202352;CEREZAS;LEJANO ORIENTE;LA;ROJA;MARÍTIMO;C0535100CEAMGR;PREMIUM;Cualquiera;JWAA;17021,65831;50;0,1;0,2;0,3;0,4;0,4;0,4;0
92;202352;CEREZAS;LEJANO ORIENTE;LA;ROJA;MARÍTIMO;C0535096CEAMGR;TRADICIONAL;Cualquiera;JYAA;78212,75317;50;0,1;0,2;0,3;0,4;0,4;0,4;0
93;202352;CEREZAS;LEJANO ORIENTE;LA;ROJA;MARÍTIMO;C0535096CEAMGR;TRADICIONAL;Cualquiera;XZAA;98125,334;50;0,1;0,2;0,3;0,4;0,4;0,4;0
94;202352;CEREZAS;LEJANO ORIENTE;LA;ROJA;MARÍTIMO;C0535096CEAMGR;TRADICIONAL;Cualquiera;XYAA;40141,93446;50;0,1;0,2;0,3;0,4;0,4;0,4;0
95;202352;CEREZAS;LEJANO ORIENTE;LA;ROJA;MARÍTIMO;C0535096CEAMGR;TRADICIONAL;Cualquiera;LZAA;20046,34014;50;0,1;0,2;0,3;0,4;0,4;0,4;0
96;202352;CEREZAS;LEJANO ORIENTE;LA;ROJA;MARÍTIMO;C0535096CEAMGR;TRADICIONAL;Cualquiera;LYAA;8595,664904;50;0,1;0,2;0,3;0,4;0,4;0,4;0
97;202352;CEREZAS;LEJANO ORIENTE;LA;ROJA;MARÍTIMO;C0535100CEAMGR;PREMIUM;Cualquiera;GZBB;12728,86125;50;0,1;0,2;0,3;0,4;0,4;0,4;0
98;202352;CEREZAS;LEJANO ORIENTE;LA;ROJA;MARÍTIMO;C0535100CEAMGR;PREMIUM;Cualquiera;GWBB;225,9360548;50;0,1;0,2;0,3;0,4;0,4;0,4;0
99;202352;CEREZAS;LEJANO ORIENTE;LA;ROJA;MARÍTIMO;C0535100CEAMGR;PREMIUM;Cualquiera;GYBB;1086,491903;50;0,1;0,2;0,3;0,4;0,4;0,4;0
100;202352;CEREZAS;LEJANO ORIENTE;LA;ROJA;MARÍTIMO;C0535100CEAMGR;PREMIUM;Cualquiera;PZBB;28807,11542;50;0,1;0,2;0,3;0,4;0,4;0,4;0
101;202352;CEREZAS;LEJANO ORIENTE;LA;ROJA;MARÍTIMO;C0535100CEAMGR;PREMIUM;Cualquiera;PWBB;2968,129166;50;0,1;0,2;0,3;0,4;0,4;0,4;0
102;202352;CEREZAS;LEJANO ORIENTE;LA;ROJA;MARÍTIMO;C0535100CEAMGR;PREMIUM;Cualquiera;PYBB;10566,20506;50;0,1;0,2;0,3;0,4;0,4;0,4;0
103;202352;CEREZAS;LEJANO ORIENTE;LA;ROJA;MARÍTIMO;C0535100CEAMGR;PREMIUM;Cualquiera;SZBB;41566,51319;50;0,1;0,2;0,3;0,4;0,4;0,4;0
104;202352;CEREZAS;LEJANO ORIENTE;LA;ROJA;MARÍTIMO;C0535100CEAMGR;PREMIUM;Cualquiera;SWBB;3680,823564;50;0,1;0,2;0,3;0,4;0,4;0,4;0
105;202352;CEREZAS;LEJANO ORIENTE;LA;ROJA;MARÍTIMO;C0535100CEAMGR;PREMIUM;Cualquiera;SYBB;17068,89925;50;0,1;0,2;0,3;0,4;0,4;0,4;0
106;202352;CEREZAS;LEJANO ORIENTE;LA;ROJA;MARÍTIMO;C0535100CEAMGR;PREMIUM;Cualquiera;JZBB;27600,62216;50;0,1;0,2;0,3;0,4;0,4;0,4;0
107;202352;CEREZAS;LEJANO ORIENTE;LA;ROJA;MARÍTIMO;C0535100CEAMGR;PREMIUM;Cualquiera;JWBB;2788,612222;50;0,1;0,2;0,3;0,4;0,4;0,4;0
108;202352;CEREZAS;LEJANO ORIENTE;LA;ROJA;MARÍTIMO;C0535096CEAMGR;TRADICIONAL;Cualquiera;JYBB;12813,38371;50;0,1;0,2;0,3;0,4;0,4;0,4;0
109;202352;CEREZAS;LEJANO ORIENTE;LA;ROJA;MARÍTIMO;C0535096CEAMGR;TRADICIONAL;Cualquiera;XZBB;16075,60795;50;0,1;0,2;0,3;0,4;0,4;0,4;0
110;202352;CEREZAS;LEJANO ORIENTE;LA;ROJA;MARÍTIMO;C0535096CEAMGR;TRADICIONAL;Cualquiera;XYBB;6576,344499;50;0,1;0,2;0,3;0,4;0,4;0,4;0
111;202352;CEREZAS;LEJANO ORIENTE;LA;ROJA;MARÍTIMO;C0535096CEAMGR;TRADICIONAL;Cualquiera;LZBB;3284,13766;50;0,1;0,2;0,3;0,4;0,4;0,4;0
112;202352;CEREZAS;LEJANO ORIENTE;LA;ROJA;MARÍTIMO;C0535096CEAMGR;TRADICIONAL;Cualquiera;LYBB;1408,204522;50;0,1;0,2;0,3;0,4;0,4;0,4;0
113;202352;CEREZAS;LEJANO ORIENTE;LA;ROJA;MARÍTIMO;C0535100CEAMGR;PREMIUM;Cualquiera;GZCC;12949,4715;50;0,1;0,2;0,3;0,4;0,4;0,4;0
114;202352;CEREZAS;LEJANO ORIENTE;LA;ROJA;MARÍTIMO;C0535096CEAMGR;TRADICIONAL;Cualquiera;GWCC;229,8518654;50;0,1;0,2;0,3;0,4;0,4;0,4;0
115;202352;CEREZAS;LEJANO ORIENTE;LA;ROJA;MARÍTIMO;C0535100CEAMGR;PREMIUM;Cualquiera;GYCC;1105,322437;50;0,1;0,2;0,3;0,4;0,4;0,4;0
116;202352;CEREZAS;LEJANO ORIENTE;LA;ROJA;MARÍTIMO;C0535100CEAMGR;PREMIUM;Cualquiera;PZCC;29306,38592;50;0,1;0,2;0,3;0,4;0,4;0,4;0
117;202352;CEREZAS;LEJANO ORIENTE;LA;ROJA;MARÍTIMO;C0535096CEAMGR;TRADICIONAL;Cualquiera;PWCC;3019,571295;50;0,1;0,2;0,3;0,4;0,4;0,4;0
118;202352;CEREZAS;LEJANO ORIENTE;LA;ROJA;MARÍTIMO;C0535100CEAMGR;PREMIUM;Cualquiera;PYCC;10749,33324;50;0,1;0,2;0,3;0,4;0,4;0,4;0
119;202352;CEREZAS;LEJANO ORIENTE;LA;ROJA;MARÍTIMO;C0535100CEAMGR;PREMIUM;Cualquiera;SZCC;42286,92318;50;0,1;0,2;0,3;0,4;0,4;0,4;0
120;202352;CEREZAS;LEJANO ORIENTE;LA;ROJA;MARÍTIMO;C0535096CEAMGR;TRADICIONAL;Cualquiera;SWCC;3744,617755;50;0,1;0,2;0,3;0,4;0,4;0,4;0
121;202352;CEREZAS;LEJANO ORIENTE;LA;ROJA;MARÍTIMO;C0535100CEAMGR;PREMIUM;Cualquiera;SYCC;17364,72886;50;0,1;0,2;0,3;0,4;0,4;0,4;0
122;202352;CEREZAS;LEJANO ORIENTE;LA;ROJA;MARÍTIMO;C0535100CEAMGR;PREMIUM;Cualquiera;JZCC;28078,98232;50;0,1;0,2;0,3;0,4;0,4;0,4;0
123;202352;CEREZAS;LEJANO ORIENTE;LA;ROJA;MARÍTIMO;C0535096CEAMGR;TRADICIONAL;Cualquiera;JWCC;2836,943052;50;0,1;0,2;0,3;0,4;0,4;0,4;0
124;202352;CEREZAS;LEJANO ORIENTE;LA;ROJA;MARÍTIMO;C0535096CEAMGR;TRADICIONAL;Cualquiera;JYCC;13035,45886;50;0,1;0,2;0,3;0,4;0,4;0,4;0
125;202352;CEREZAS;LEJANO ORIENTE;LA;ROJA;MARÍTIMO;C0535096CEAMGR;ALTERNATIVA;Cualquiera;XZCC;16354,22233;50;0,1;0,2;0,3;0,4;0,4;0,4;0
126;202352;CEREZAS;LEJANO ORIENTE;LA;ROJA;MARÍTIMO;C0535096CEAMGR;ALTERNATIVA;Cualquiera;XYCC;6690,322409;50;0,1;0,2;0,3;0,4;0,4;0,4;0
127;202352;CEREZAS;LEJANO ORIENTE;LA;ROJA;MARÍTIMO;C0535096CEAMGR;ALTERNATIVA;Cualquiera;LZCC;3341,05669;50;0,1;0,2;0,3;0,4;0,4;0,4;0
128;202352;CEREZAS;LEJANO ORIENTE;LA;ROJA;MARÍTIMO;C0535096CEAMGR;ALTERNATIVA;Cualquiera;LYCC;1432,610817;50;0,1;0,2;0,3;0,4;0,4;0,4;0
129;202352;CEREZAS;LEJANO ORIENTE;LA;ROJA;MARÍTIMO;C0535100CEAMGR;ALTERNATIVA;Cualquiera;GZDD;19644,8175;50;0,1;0,2;0,3;0,4;0,4;0,4;0
130;202352;CEREZAS;LEJANO ORIENTE;LA;ROJA;MARÍTIMO;C0535096CEAMGR;ALTERNATIVA;Cualquiera;GWDD;348,6936087;50;0,1;0,2;0,3;0,4;0,4;0,4;0
131;202352;CEREZAS;LEJANO ORIENTE;LA;ROJA;MARÍTIMO;C0535100CEAMGR;ALTERNATIVA;Cualquiera;GYDD;1676,814189;50;0,1;0,2;0,3;0,4;0,4;0,4;0
132;202352;CEREZAS;LEJANO ORIENTE;LA;ROJA;MARÍTIMO;C0535100CEAMGR;ALTERNATIVA;Cualquiera;PZDD;44458,84938;50;0,1;0,2;0,3;0,4;0,4;0,4;0
133;202352;CEREZAS;LEJANO ORIENTE;LA;ROJA;MARÍTIMO;C0535096CEAMGR;ALTERNATIVA;Cualquiera;PWDD;4580,799071;50;0,1;0,2;0,3;0,4;0,4;0,4;0
134;202352;CEREZAS;LEJANO ORIENTE;LA;ROJA;MARÍTIMO;C0535100CEAMGR;ALTERNATIVA;Cualquiera;PYDD;16307,12803;50;0,1;0,2;0,3;0,4;0,4;0,4;0
135;202352;CEREZAS;LEJANO ORIENTE;LA;ROJA;MARÍTIMO;C0535100CEAMGR;ALTERNATIVA;Cualquiera;SZDD;64150,79477;50;0,1;0,2;0,3;0,4;0,4;0,4;0
136;202352;CEREZAS;LEJANO ORIENTE;LA;ROJA;MARÍTIMO;C0535096CEAMGR;ALTERNATIVA;Cualquiera;SWDD;5680,720824;50;0,1;0,2;0,3;0,4;0,4;0,4;0
137;202352;CEREZAS;LEJANO ORIENTE;LA;ROJA;MARÍTIMO;C0535100CEAMGR;ALTERNATIVA;Cualquiera;SYDD;26342,92291;50;0,1;0,2;0,3;0,4;0,4;0,4;0
138;202352;CEREZAS;LEJANO ORIENTE;LA;ROJA;MARÍTIMO;C0535100CEAMGR;ALTERNATIVA;Cualquiera;JZDD;42596,83365;50;0,1;0,2;0,3;0,4;0,4;0,4;0
139;202352;CEREZAS;LEJANO ORIENTE;LA;ROJA;MARÍTIMO;C0535096CEAMGR;ALTERNATIVA;Cualquiera;JWDD;4303,745409;50;0,1;0,2;0,3;0,4;0,4;0,4;0
140;202352;CEREZAS;LEJANO ORIENTE;LA;ROJA;MARÍTIMO;C0535096CEAMGR;TRADICIONAL;Cualquiera;JYDD;19775,26344;50;0,1;0,2;0,3;0,4;0,4;0,4;0
141;202352;CEREZAS;LEJANO ORIENTE;LA;ROJA;MARÍTIMO;C0535096CEAMGR;ALTERNATIVA;Cualquiera;XZDD;24809,94789;50;0,1;0,2;0,3;0,4;0,4;0,4;0
142;202352;CEREZAS;LEJANO ORIENTE;LA;ROJA;MARÍTIMO;C0535096CEAMGR;ALTERNATIVA;Cualquiera;XYDD;10149,46152;50;0,1;0,2;0,3;0,4;0,4;0,4;0
143;202352;CEREZAS;LEJANO ORIENTE;LA;ROJA;MARÍTIMO;C0535096CEAMGR;ALTERNATIVA;Cualquiera;LZDD;5068,504064;50;0,1;0,2;0,3;0,4;0,4;0,4;0
144;202352;CEREZAS;LEJANO ORIENTE;LA;ROJA;MARÍTIMO;C0535096CEAMGR;ALTERNATIVA;Cualquiera;LYDD;2173,322522;50;0,1;0,2;0,3;0,4;0,4;0,4;0
145;202352;CEREZAS;LEJANO ORIENTE;LA;ROJA;MARÍTIMO;C0535096CEAMGR;ALTERNATIVA;Cualquiera;GZEE;6474,73575;50;0,1;0,2;0,3;0,4;0,4;0,4;0
146;202352;CEREZAS;LEJANO ORIENTE;LA;ROJA;MARÍTIMO;C0535096CEAMGR;ALTERNATIVA;Cualquiera;GWEE;114,9259327;50;0,1;0,2;0,3;0,4;0,4;0,4;0
147;202352;CEREZAS;LEJANO ORIENTE;LA;ROJA;MARÍTIMO;C0535096CEAMGR;ALTERNATIVA;Cualquiera;GYEE;552,6612186;50;0,1;0,2;0,3;0,4;0,4;0,4;0
148;202352;CEREZAS;LEJANO ORIENTE;LA;ROJA;MARÍTIMO;C0535096CEAMGR;ALTERNATIVA;Cualquiera;PZEE;14653,19296;50;0,1;0,2;0,3;0,4;0,4;0,4;0
149;202352;CEREZAS;LEJANO ORIENTE;LA;ROJA;MARÍTIMO;C0535096CEAMGR;ALTERNATIVA;Cualquiera;PWEE;1509,785647;50;0,1;0,2;0,3;0,4;0,4;0,4;0
150;202352;CEREZAS;LEJANO ORIENTE;LA;ROJA;MARÍTIMO;C0535096CEAMGR;ALTERNATIVA;Cualquiera;PYEE;5374,666619;50;0,1;0,2;0,3;0,4;0,4;0,4;0
151;202352;CEREZAS;LEJANO ORIENTE;LA;ROJA;MARÍTIMO;C0535096CEAMGR;ALTERNATIVA;Cualquiera;SZEE;21143,46159;50;0,1;0,2;0,3;0,4;0,4;0,4;0
152;202352;CEREZAS;LEJANO ORIENTE;LA;ROJA;MARÍTIMO;C0535096CEAMGR;ALTERNATIVA;Cualquiera;SWEE;1872,308878;50;0,1;0,2;0,3;0,4;0,4;0,4;0
153;202352;CEREZAS;LEJANO ORIENTE;LA;ROJA;MARÍTIMO;C0535096CEAMGR;ALTERNATIVA;Cualquiera;SYEE;8682,364432;50;0,1;0,2;0,3;0,4;0,4;0,4;0
154;202352;CEREZAS;LEJANO ORIENTE;LA;ROJA;MARÍTIMO;C0535096CEAMGR;ALTERNATIVA;Cualquiera;JZEE;14039,49116;50;0,1;0,2;0,3;0,4;0,4;0,4;0
155;202352;CEREZAS;LEJANO ORIENTE;LA;ROJA;MARÍTIMO;C0535096CEAMGR;ALTERNATIVA;Cualquiera;JWEE;1418,471526;50;0,1;0,2;0,3;0,4;0,4;0,4;0
156;202352;CEREZAS;LEJANO ORIENTE;LA;ROJA;MARÍTIMO;C0535096CEAMGR;ALTERNATIVA;Cualquiera;JYEE;6517,72943;50;0,1;0,2;0,3;0,4;0,4;0,4;0
157;202352;CEREZAS;LEJANO ORIENTE;LA;ROJA;MARÍTIMO;C0535096CEAMGR;ALTERNATIVA;Cualquiera;XZEE;8177,111167;50;0,1;0,2;0,3;0,4;0,4;0,4;0
158;202352;CEREZAS;LEJANO ORIENTE;LA;ROJA;MARÍTIMO;C0535096CEAMGR;ALTERNATIVA;Cualquiera;XYEE;3345,161205;50;0,1;0,2;0,3;0,4;0,4;0,4;0
159;202352;CEREZAS;LEJANO ORIENTE;LA;ROJA;MARÍTIMO;C0535096CEAMGR;ALTERNATIVA;Cualquiera;LZEE;1670,528345;50;0,1;0,2;0,3;0,4;0,4;0,4;0
160;202352;CEREZAS;LEJANO ORIENTE;LA;ROJA;MARÍTIMO;C0535096CEAMGR;ALTERNATIVA;Cualquiera;LYEE;716,3054086;50;0,1;0,2;0,3;0,4;0,4;0,4;0
161;202352;CEREZAS;LEJANO ORIENTE;SK;ROJA;MARÍTIMO;C0535100CEAMGR;PREMIUM;Cualquiera;GZAA;10030,4127;50;0,1;0,2;0,3;0,4;0,4;0,4;0
162;202352;CEREZAS;LEJANO ORIENTE;SK;ROJA;MARÍTIMO;C0535096CEAMGR;TRADICIONAL;Cualquiera;GWAA;90,00795851;50;0,1;0,2;0,3;0,4;0,4;0,4;0
163;202352;CEREZAS;LEJANO ORIENTE;SK;ROJA;MARÍTIMO;C0535100CEAMGR;PREMIUM;Cualquiera;GYAA;239,3379506;50;0,1;0,2;0,3;0,4;0,4;0,4;0
164;202352;CEREZAS;LEJANO ORIENTE;SK;ROJA;MARÍTIMO;C0535100CEAMGR;PREMIUM;Cualquiera;PZAA;26627,33249;50;0,1;0,2;0,3;0,4;0,4;0,4;0
165;202352;CEREZAS;LEJANO ORIENTE;SK;ROJA;MARÍTIMO;C0535096CEAMGR;TRADICIONAL;Cualquiera;PWAA;9223,472474;50;0,1;0,2;0,3;0,4;0,4;0,4;0
166;202352;CEREZAS;LEJANO ORIENTE;SK;ROJA;MARÍTIMO;C0535100CEAMGR;PREMIUM;Cualquiera;PYAA;4030,490683;50;0,1;0,2;0,3;0,4;0,4;0,4;0
167;202352;CEREZAS;LEJANO ORIENTE;SK;ROJA;MARÍTIMO;C0535100CEAMGR;PREMIUM;Cualquiera;SZAA;37225,12356;50;0,1;0,2;0,3;0,4;0,4;0,4;0
168;202352;CEREZAS;LEJANO ORIENTE;SK;ROJA;MARÍTIMO;C0535096CEAMGR;TRADICIONAL;Cualquiera;SWAA;8650,02761;50;0,1;0,2;0,3;0,4;0,4;0,4;0
169;202352;CEREZAS;LEJANO ORIENTE;SK;ROJA;MARÍTIMO;C0535100CEAMGR;PREMIUM;Cualquiera;SYAA;7500,304053;50;0,1;0,2;0,3;0,4;0,4;0,4;0
170;202352;CEREZAS;LEJANO ORIENTE;SK;ROJA;MARÍTIMO;C0535100CEAMGR;PREMIUM;Cualquiera;JZAA;20102,32051;50;0,1;0,2;0,3;0,4;0,4;0,4;0
171;202352;CEREZAS;LEJANO ORIENTE;SK;ROJA;MARÍTIMO;C0535096CEAMGR;TRADICIONAL;Cualquiera;JWAA;4855,086221;50;0,1;0,2;0,3;0,4;0,4;0,4;0
172;202352;CEREZAS;LEJANO ORIENTE;SK;ROJA;MARÍTIMO;C0535100CEAMGR;PREMIUM;Cualquiera;JYAA;5343,967404;50;0,1;0,2;0,3;0,4;0,4;0,4;0
173;202352;CEREZAS;LEJANO ORIENTE;SK;ROJA;MARÍTIMO;C0535096CEAMGR;TRADICIONAL;Cualquiera;XZAA;10013,92193;50;0,1;0,2;0,3;0,4;0,4;0,4;0
174;202352;CEREZAS;LEJANO ORIENTE;SK;ROJA;MARÍTIMO;C0535096CEAMGR;TRADICIONAL;Cualquiera;XYAA;2557,890402;50;0,1;0,2;0,3;0,4;0,4;0,4;0
175;202352;CEREZAS;LEJANO ORIENTE;SK;ROJA;MARÍTIMO;C0535096CEAMGR;TRADICIONAL;Cualquiera;LZAA;1675,856209;50;0,1;0,2;0,3;0,4;0,4;0,4;0
176;202352;CEREZAS;LEJANO ORIENTE;SK;ROJA;MARÍTIMO;C0535096CEAMGR;TRADICIONAL;Cualquiera;LYAA;750,5043158;50;0,1;0,2;0,3;0,4;0,4;0,4;0
177;202352;CEREZAS;LEJANO ORIENTE;SK;ROJA;MARÍTIMO;C0535100CEAMGR;PREMIUM;Cualquiera;GZBB;1823,7114;50;0,1;0,2;0,3;0,4;0,4;0,4;0
178;202352;CEREZAS;LEJANO ORIENTE;SK;ROJA;MARÍTIMO;C0535096CEAMGR;TRADICIONAL;Cualquiera;GWBB;16,36508337;50;0,1;0,2;0,3;0,4;0,4;0,4;0
179;202352;CEREZAS;LEJANO ORIENTE;SK;ROJA;MARÍTIMO;C0535100CEAMGR;PREMIUM;Cualquiera;GYBB;43,51599102;50;0,1;0,2;0,3;0,4;0,4;0,4;0
180;202352;CEREZAS;LEJANO ORIENTE;SK;ROJA;MARÍTIMO;C0535100CEAMGR;PREMIUM;Cualquiera;PZBB;4841,333181;50;0,1;0,2;0,3;0,4;0,4;0,4;0
181;202352;CEREZAS;LEJANO ORIENTE;SK;ROJA;MARÍTIMO;C0535096CEAMGR;TRADICIONAL;Cualquiera;PWBB;1676,994995;50;0,1;0,2;0,3;0,4;0,4;0,4;0
182;202352;CEREZAS;LEJANO ORIENTE;SK;ROJA;MARÍTIMO;C0535100CEAMGR;PREMIUM;Cualquiera;PYBB;732,8164878;50;0,1;0,2;0,3;0,4;0,4;0,4;0
183;202352;CEREZAS;LEJANO ORIENTE;SK;ROJA;MARÍTIMO;C0535100CEAMGR;PREMIUM;Cualquiera;SZBB;6768,204285;50;0,1;0,2;0,3;0,4;0,4;0,4;0
184;202352;CEREZAS;LEJANO ORIENTE;SK;ROJA;MARÍTIMO;C0535096CEAMGR;TRADICIONAL;Cualquiera;SWBB;1572,732293;50;0,1;0,2;0,3;0,4;0,4;0,4;0
185;202352;CEREZAS;LEJANO ORIENTE;SK;ROJA;MARÍTIMO;C0535100CEAMGR;PREMIUM;Cualquiera;SYBB;1363,691646;50;0,1;0,2;0,3;0,4;0,4;0,4;0
186;202352;CEREZAS;LEJANO ORIENTE;SK;ROJA;MARÍTIMO;C0535100CEAMGR;PREMIUM;Cualquiera;JZBB;3654,967366;50;0,1;0,2;0,3;0,4;0,4;0,4;0
187;202352;CEREZAS;LEJANO ORIENTE;SK;ROJA;MARÍTIMO;C0535096CEAMGR;TRADICIONAL;Cualquiera;JWBB;882,7429493;50;0,1;0,2;0,3;0,4;0,4;0,4;0
188;202352;CEREZAS;LEJANO ORIENTE;SK;ROJA;MARÍTIMO;C0535100CEAMGR;PREMIUM;Cualquiera;JYBB;971,6304372;50;0,1;0,2;0,3;0,4;0,4;0,4;0
189;202352;CEREZAS;LEJANO ORIENTE;SK;ROJA;MARÍTIMO;C0535096CEAMGR;TRADICIONAL;Cualquiera;XZBB;1820,713078;50;0,1;0,2;0,3;0,4;0,4;0,4;0
190;202352;CEREZAS;LEJANO ORIENTE;SK;ROJA;MARÍTIMO;C0535096CEAMGR;TRADICIONAL;Cualquiera;XYBB;465,0709823;50;0,1;0,2;0,3;0,4;0,4;0,4;0
191;202352;CEREZAS;LEJANO ORIENTE;SK;ROJA;MARÍTIMO;C0535096CEAMGR;TRADICIONAL;Cualquiera;LZBB;304,7011288;50;0,1;0,2;0,3;0,4;0,4;0,4;0
192;202352;CEREZAS;LEJANO ORIENTE;SK;ROJA;MARÍTIMO;C0535096CEAMGR;TRADICIONAL;Cualquiera;LYBB;136,4553302;50;0,1;0,2;0,3;0,4;0,4;0,4;0
193;202352;CEREZAS;LEJANO ORIENTE;SK;ROJA;MARÍTIMO;C0535100CEAMGR;PREMIUM;Cualquiera;GZCC;3647,4228;50;0,1;0,2;0,3;0,4;0,4;0,4;0
194;202352;CEREZAS;LEJANO ORIENTE;SK;ROJA;MARÍTIMO;C0535096CEAMGR;ALTERNATIVA;Cualquiera;GWCC;32,73016673;50;0,1;0,2;0,3;0,4;0,4;0,4;0
195;202352;CEREZAS;LEJANO ORIENTE;SK;ROJA;MARÍTIMO;C0535100CEAMGR;PREMIUM;Cualquiera;GYCC;87,03198204;50;0,1;0,2;0,3;0,4;0,4;0,4;0
196;202352;CEREZAS;LEJANO ORIENTE;SK;ROJA;MARÍTIMO;C0535100CEAMGR;PREMIUM;Cualquiera;PZCC;9682,666361;50;0,1;0,2;0,3;0,4;0,4;0,4;0
197;202352;CEREZAS;LEJANO ORIENTE;SK;ROJA;MARÍTIMO;C0535096CEAMGR;ALTERNATIVA;Cualquiera;PWCC;3353,989991;50;0,1;0,2;0,3;0,4;0,4;0,4;0
198;202352;CEREZAS;LEJANO ORIENTE;SK;ROJA;MARÍTIMO;C0535100CEAMGR;PREMIUM;Cualquiera;PYCC;1465,632976;50;0,1;0,2;0,3;0,4;0,4;0,4;0
199;202352;CEREZAS;LEJANO ORIENTE;SK;ROJA;MARÍTIMO;C0535100CEAMGR;PREMIUM;Cualquiera;SZCC;13536,40857;50;0,1;0,2;0,3;0,4;0,4;0,4;0
200;202352;CEREZAS;LEJANO ORIENTE;SK;ROJA;MARÍTIMO;C0535096CEAMGR;ALTERNATIVA;Cualquiera;SWCC;3145,464585;50;0,1;0,2;0,3;0,4;0,4;0,4;0
201;202352;CEREZAS;LEJANO ORIENTE;SK;ROJA;MARÍTIMO;C0535100CEAMGR;PREMIUM;Cualquiera;SYCC;2727,383292;50;0,1;0,2;0,3;0,4;0,4;0,4;0
202;202352;CEREZAS;LEJANO ORIENTE;SK;ROJA;MARÍTIMO;C0535100CEAMGR;PREMIUM;Cualquiera;JZCC;7309,934732;50;0,1;0,2;0,3;0,4;0,4;0,4;0
203;202352;CEREZAS;LEJANO ORIENTE;SK;ROJA;MARÍTIMO;C0535096CEAMGR;ALTERNATIVA;Cualquiera;JWCC;1765,485899;50;0,1;0,2;0,3;0,4;0,4;0,4;0
204;202352;CEREZAS;LEJANO ORIENTE;SK;ROJA;MARÍTIMO;C0535100CEAMGR;PREMIUM;Cualquiera;JYCC;1943,260874;50;0,1;0,2;0,3;0,4;0,4;0,4;0
205;202352;CEREZAS;LEJANO ORIENTE;SK;ROJA;MARÍTIMO;C0535096CEAMGR;ALTERNATIVA;Cualquiera;XZCC;3641,426156;50;0,1;0,2;0,3;0,4;0,4;0,4;0
206;202352;CEREZAS;LEJANO ORIENTE;SK;ROJA;MARÍTIMO;C0535096CEAMGR;ALTERNATIVA;Cualquiera;XYCC;930,1419645;50;0,1;0,2;0,3;0,4;0,4;0,4;0
207;202352;CEREZAS;LEJANO ORIENTE;SK;ROJA;MARÍTIMO;C0535096CEAMGR;ALTERNATIVA;Cualquiera;LZCC;609,4022576;50;0,1;0,2;0,3;0,4;0,4;0,4;0
208;202352;CEREZAS;LEJANO ORIENTE;SK;ROJA;MARÍTIMO;C0535096CEAMGR;ALTERNATIVA;Cualquiera;LYCC;272,9106603;50;0,1;0,2;0,3;0,4;0,4;0,4;0
209;202352;CEREZAS;LEJANO ORIENTE;SK;ROJA;MARÍTIMO;C0535100CEAMGR;ALTERNATIVA;Cualquiera;GZDD;1823,7114;50;0,1;0,2;0,3;0,4;0,4;0,4;0
210;202352;CEREZAS;LEJANO ORIENTE;SK;ROJA;MARÍTIMO;C0535096CEAMGR;ALTERNATIVA;Cualquiera;GWDD;16,36508337;50;0,1;0,2;0,3;0,4;0,4;0,4;0
211;202352;CEREZAS;LEJANO ORIENTE;SK;ROJA;MARÍTIMO;C0535100CEAMGR;ALTERNATIVA;Cualquiera;GYDD;43,51599102;50;0,1;0,2;0,3;0,4;0,4;0,4;0
212;202352;CEREZAS;LEJANO ORIENTE;SK;ROJA;MARÍTIMO;C0535100CEAMGR;ALTERNATIVA;Cualquiera;PZDD;4841,333181;50;0,1;0,2;0,3;0,4;0,4;0,4;0
213;202352;CEREZAS;LEJANO ORIENTE;SK;ROJA;MARÍTIMO;C0535096CEAMGR;ALTERNATIVA;Cualquiera;PWDD;1676,994995;50;0,1;0,2;0,3;0,4;0,4;0,4;0
214;202352;CEREZAS;LEJANO ORIENTE;SK;ROJA;MARÍTIMO;C0535100CEAMGR;ALTERNATIVA;Cualquiera;PYDD;732,8164878;50;0,1;0,2;0,3;0,4;0,4;0,4;0
215;202352;CEREZAS;LEJANO ORIENTE;SK;ROJA;MARÍTIMO;C0535100CEAMGR;ALTERNATIVA;Cualquiera;SZDD;6768,204285;50;0,1;0,2;0,3;0,4;0,4;0,4;0
216;202352;CEREZAS;LEJANO ORIENTE;SK;ROJA;MARÍTIMO;C0535096CEAMGR;ALTERNATIVA;Cualquiera;SWDD;1572,732293;50;0,1;0,2;0,3;0,4;0,4;0,4;0
217;202352;CEREZAS;LEJANO ORIENTE;SK;ROJA;MARÍTIMO;C0535100CEAMGR;ALTERNATIVA;Cualquiera;SYDD;1363,691646;50;0,1;0,2;0,3;0,4;0,4;0,4;0
218;202352;CEREZAS;LEJANO ORIENTE;SK;ROJA;MARÍTIMO;C0535096CEAMGR;TRADICIONAL;Cualquiera;JZDD;3654,967366;50;0,1;0,2;0,3;0,4;0,4;0,4;0
219;202352;CEREZAS;LEJANO ORIENTE;SK;ROJA;MARÍTIMO;C0535096CEAMGR;ALTERNATIVA;Cualquiera;JWDD;882,7429493;50;0,1;0,2;0,3;0,4;0,4;0,4;0
220;202352;CEREZAS;LEJANO ORIENTE;SK;ROJA;MARÍTIMO;C0535096CEAMGR;TRADICIONAL;Cualquiera;JYDD;971,6304372;50;0,1;0,2;0,3;0,4;0,4;0,4;0
221;202352;CEREZAS;LEJANO ORIENTE;SK;ROJA;MARÍTIMO;C0535096CEAMGR;ALTERNATIVA;Cualquiera;XZDD;1820,713078;50;0,1;0,2;0,3;0,4;0,4;0,4;0
222;202352;CEREZAS;LEJANO ORIENTE;SK;ROJA;MARÍTIMO;C0535096CEAMGR;ALTERNATIVA;Cualquiera;XYDD;465,0709823;50;0,1;0,2;0,3;0,4;0,4;0,4;0
223;202352;CEREZAS;LEJANO ORIENTE;SK;ROJA;MARÍTIMO;C0535096CEAMGR;ALTERNATIVA;Cualquiera;LZDD;304,7011288;50;0,1;0,2;0,3;0,4;0,4;0,4;0
224;202352;CEREZAS;LEJANO ORIENTE;SK;ROJA;MARÍTIMO;C0535096CEAMGR;ALTERNATIVA;Cualquiera;LYDD;136,4553302;50;0,1;0,2;0,3;0,4;0,4;0,4;0
225;202352;CEREZAS;LEJANO ORIENTE;SK;ROJA;MARÍTIMO;C0535096CEAMGR;ALTERNATIVA;Cualquiera;GZEE;911,8557;50;0,1;0,2;0,3;0,4;0,4;0,4;0
226;202352;CEREZAS;LEJANO ORIENTE;SK;ROJA;MARÍTIMO;C0535096CEAMGR;ALTERNATIVA;Cualquiera;GWEE;8,182541683;50;0,1;0,2;0,3;0,4;0,4;0,4;0
227;202352;CEREZAS;LEJANO ORIENTE;SK;ROJA;MARÍTIMO;C0535096CEAMGR;ALTERNATIVA;Cualquiera;GYEE;21,75799551;50;0,1;0,2;0,3;0,4;0,4;0,4;0
228;202352;CEREZAS;LEJANO ORIENTE;SK;ROJA;MARÍTIMO;C0535096CEAMGR;ALTERNATIVA;Cualquiera;PZEE;2420,66659;50;0,1;0,2;0,3;0,4;0,4;0,4;0
229;202352;CEREZAS;LEJANO ORIENTE;SK;ROJA;MARÍTIMO;C0535096CEAMGR;ALTERNATIVA;Cualquiera;PWEE;838,4974977;50;0,1;0,2;0,3;0,4;0,4;0,4;0
230;202352;CEREZAS;LEJANO ORIENTE;SK;ROJA;MARÍTIMO;C0535096CEAMGR;ALTERNATIVA;Cualquiera;PYEE;366,4082439;50;0,1;0,2;0,3;0,4;0,4;0,4;0
231;202352;CEREZAS;LEJANO ORIENTE;SK;ROJA;MARÍTIMO;C0535096CEAMGR;ALTERNATIVA;Cualquiera;SZEE;3384,102142;50;0,1;0,2;0,3;0,4;0,4;0,4;0
232;202352;CEREZAS;LEJANO ORIENTE;SK;ROJA;MARÍTIMO;C0535096CEAMGR;ALTERNATIVA;Cualquiera;SWEE;786,3661463;50;0,1;0,2;0,3;0,4;0,4;0,4;0
233;202352;CEREZAS;LEJANO ORIENTE;SK;ROJA;MARÍTIMO;C0535096CEAMGR;ALTERNATIVA;Cualquiera;SYEE;681,845823;50;0,1;0,2;0,3;0,4;0,4;0,4;0
234;202352;CEREZAS;LEJANO ORIENTE;SK;ROJA;MARÍTIMO;C0535096CEAMGR;ALTERNATIVA;Cualquiera;JZEE;1827,483683;50;0,1;0,2;0,3;0,4;0,4;0,4;0
235;202352;CEREZAS;LEJANO ORIENTE;SK;ROJA;MARÍTIMO;C0535096CEAMGR;ALTERNATIVA;Cualquiera;JWEE;441,3714747;50;0,1;0,2;0,3;0,4;0,4;0,4;0
236;202352;CEREZAS;LEJANO ORIENTE;SK;ROJA;MARÍTIMO;C0535096CEAMGR;ALTERNATIVA;Cualquiera;JYEE;485,8152186;50;0,1;0,2;0,3;0,4;0,4;0,4;0
237;202352;CEREZAS;LEJANO ORIENTE;SK;ROJA;MARÍTIMO;C0535096CEAMGR;ALTERNATIVA;Cualquiera;XZEE;910,3565389;50;0,1;0,2;0,3;0,4;0,4;0,4;0
238;202352;CEREZAS;LEJANO ORIENTE;SK;ROJA;MARÍTIMO;C0535096CEAMGR;ALTERNATIVA;Cualquiera;XYEE;232,5354911;50;0,1;0,2;0,3;0,4;0,4;0,4;0
239;202352;CEREZAS;LEJANO ORIENTE;SK;ROJA;MARÍTIMO;C0535096CEAMGR;ALTERNATIVA;Cualquiera;LZEE;152,3505644;50;0,1;0,2;0,3;0,4;0,4;0,4;0
240;202352;CEREZAS;LEJANO ORIENTE;SK;ROJA;MARÍTIMO;C0535096CEAMGR;ALTERNATIVA;Cualquiera;LYEE;68,22766508;50;0,1;0,2;0,3;0,4;0,4;0,4;0
241;202352;CEREZAS;LEJANO ORIENTE;KO;ROJA;MARÍTIMO;C0535100CEAMGR;PREMIUM;Cualquiera;GZAA;9307,6515;50;0,1;0,2;0,3;0,4;0,4;0,4;0
242;202352;CEREZAS;LEJANO ORIENTE;KO;ROJA;MARÍTIMO;C0535100CEAMGR;PREMIUM;Cualquiera;GWAA;605,3771733;50;0,1;0,2;0,3;0,4;0,4;0,4;0
243;202352;CEREZAS;LEJANO ORIENTE;KO;ROJA;MARÍTIMO;C0535100CEAMGR;PREMIUM;Cualquiera;PZAA;8722,37486;50;0,1;0,2;0,3;0,4;0,4;0,4;0
244;202352;CEREZAS;LEJANO ORIENTE;KO;ROJA;MARÍTIMO;C0535100CEAMGR;PREMIUM;Cualquiera;PWAA;11199,93855;50;0,1;0,2;0,3;0,4;0,4;0,4;0
245;202352;CEREZAS;LEJANO ORIENTE;KO;ROJA;MARÍTIMO;C0535100CEAMGR;PREMIUM;Cualquiera;PYAA;337,0002756;50;0,1;0,2;0,3;0,4;0,4;0,4;0
246;202352;CEREZAS;LEJANO ORIENTE;KO;ROJA;MARÍTIMO;C0535100CEAMGR;PREMIUM;Cualquiera;SZAA;20636,4071;50;0,1;0,2;0,3;0,4;0,4;0,4;0
247;202352;CEREZAS;LEJANO ORIENTE;KO;ROJA;MARÍTIMO;C0535100CEAMGR;PREMIUM;Cualquiera;SWAA;25065,79896;50;0,1;0,2;0,3;0,4;0,4;0,4;0
248;202352;CEREZAS;LEJANO ORIENTE;KO;ROJA;MARÍTIMO;C0535100CEAMGR;PREMIUM;Cualquiera;SYAA;1930,336238;50;0,1;0,2;0,3;0,4;0,4;0,4;0
249;202352;CEREZAS;LEJANO ORIENTE;KO;ROJA;MARÍTIMO;C0535100CEAMGR;PREMIUM;Cualquiera;JZAA;17081,23015;50;0,1;0,2;0,3;0,4;0,4;0,4;0
250;202352;CEREZAS;LEJANO ORIENTE;KO;ROJA;MARÍTIMO;C0535100CEAMGR;PREMIUM;Cualquiera;JWAA;21286,40204;50;0,1;0,2;0,3;0,4;0,4;0,4;0
251;202352;CEREZAS;LEJANO ORIENTE;KO;ROJA;MARÍTIMO;C0535100CEAMGR;PREMIUM;Cualquiera;JYAA;1514,657877;50;0,1;0,2;0,3;0,4;0,4;0,4;0
252;202352;CEREZAS;LEJANO ORIENTE;KO;ROJA;MARÍTIMO;C0535096CEAMGR;TRADICIONAL;Cualquiera;XZAA;18664,63709;50;0,1;0,2;0,3;0,4;0,4;0,4;0
253;202352;CEREZAS;LEJANO ORIENTE;KO;ROJA;MARÍTIMO;C0535096CEAMGR;TRADICIONAL;Cualquiera;XYAA;1003,610617;50;0,1;0,2;0,3;0,4;0,4;0,4;0
254;202352;CEREZAS;LEJANO ORIENTE;KO;ROJA;MARÍTIMO;C0535096CEAMGR;TRADICIONAL;Cualquiera;LZAA;3841,903689;50;0,1;0,2;0,3;0,4;0,4;0,4;0
255;202352;CEREZAS;LEJANO ORIENTE;KO;ROJA;MARÍTIMO;C0535096CEAMGR;TRADICIONAL;Cualquiera;LYAA;287,3970525;50;0,1;0,2;0,3;0,4;0,4;0,4;0
256;202352;CEREZAS;LEJANO ORIENTE;KO;ROJA;MARÍTIMO;C0535100CEAMGR;PREMIUM;Cualquiera;GZBB;775,637625;50;0,1;0,2;0,3;0,4;0,4;0,4;0
257;202352;CEREZAS;LEJANO ORIENTE;KO;ROJA;MARÍTIMO;C0535100CEAMGR;PREMIUM;Cualquiera;GWBB;50,44809777;50;0,1;0,2;0,3;0,4;0,4;0,4;0
258;202352;CEREZAS;LEJANO ORIENTE;KO;ROJA;MARÍTIMO;C0535100CEAMGR;PREMIUM;Cualquiera;PZBB;726,8645717;50;0,1;0,2;0,3;0,4;0,4;0,4;0
259;202352;CEREZAS;LEJANO ORIENTE;KO;ROJA;MARÍTIMO;C0535100CEAMGR;PREMIUM;Cualquiera;PWBB;933,3282122;50;0,1;0,2;0,3;0,4;0,4;0,4;0
260;202352;CEREZAS;LEJANO ORIENTE;KO;ROJA;MARÍTIMO;C0535100CEAMGR;PREMIUM;Cualquiera;PYBB;28,0833563;50;0,1;0,2;0,3;0,4;0,4;0,4;0
261;202352;CEREZAS;LEJANO ORIENTE;KO;ROJA;MARÍTIMO;C0535100CEAMGR;PREMIUM;Cualquiera;SZBB;1719,700592;50;0,1;0,2;0,3;0,4;0,4;0,4;0
262;202352;CEREZAS;LEJANO ORIENTE;KO;ROJA;MARÍTIMO;C0535100CEAMGR;PREMIUM;Cualquiera;SWBB;2088,81658;50;0,1;0,2;0,3;0,4;0,4;0,4;0
263;202352;CEREZAS;LEJANO ORIENTE;KO;ROJA;MARÍTIMO;C0535100CEAMGR;PREMIUM;Cualquiera;SYBB;160,8613532;50;0,1;0,2;0,3;0,4;0,4;0,4;0
264;202352;CEREZAS;LEJANO ORIENTE;KO;ROJA;MARÍTIMO;C0535100CEAMGR;PREMIUM;Cualquiera;JZBB;1423,435846;50;0,1;0,2;0,3;0,4;0,4;0,4;0
265;202352;CEREZAS;LEJANO ORIENTE;KO;ROJA;MARÍTIMO;C0535100CEAMGR;PREMIUM;Cualquiera;JWBB;1773,866837;50;0,1;0,2;0,3;0,4;0,4;0,4;0
266;202352;CEREZAS;LEJANO ORIENTE;KO;ROJA;MARÍTIMO;C0535100CEAMGR;PREMIUM;Cualquiera;JYBB;126,2214898;50;0,1;0,2;0,3;0,4;0,4;0,4;0
267;202352;CEREZAS;LEJANO ORIENTE;KO;ROJA;MARÍTIMO;C0535096CEAMGR;TRADICIONAL;Cualquiera;XZBB;1555,386424;50;0,1;0,2;0,3;0,4;0,4;0,4;0
268;202352;CEREZAS;LEJANO ORIENTE;KO;ROJA;MARÍTIMO;C0535096CEAMGR;TRADICIONAL;Cualquiera;XYBB;83,63421806;50;0,1;0,2;0,3;0,4;0,4;0,4;0
269;202352;CEREZAS;LEJANO ORIENTE;KO;ROJA;MARÍTIMO;C0535096CEAMGR;TRADICIONAL;Cualquiera;LZBB;320,1586407;50;0,1;0,2;0,3;0,4;0,4;0,4;0
270;202352;CEREZAS;LEJANO ORIENTE;KO;ROJA;MARÍTIMO;C0535096CEAMGR;TRADICIONAL;Cualquiera;LYBB;23,94975438;50;0,1;0,2;0,3;0,4;0,4;0,4;0
271;202352;CEREZAS;LEJANO ORIENTE;KO;ROJA;MARÍTIMO;C0535100CEAMGR;PREMIUM;Cualquiera;GZCC;1551,27525;50;0,1;0,2;0,3;0,4;0,4;0,4;0
272;202352;CEREZAS;LEJANO ORIENTE;KO;ROJA;MARÍTIMO;C0535100CEAMGR;PREMIUM;Cualquiera;GWCC;100,8961955;50;0,1;0,2;0,3;0,4;0,4;0,4;0
273;202352;CEREZAS;LEJANO ORIENTE;KO;ROJA;MARÍTIMO;C0535100CEAMGR;PREMIUM;Cualquiera;PZCC;1453,729143;50;0,1;0,2;0,3;0,4;0,4;0,4;0
274;202352;CEREZAS;LEJANO ORIENTE;KO;ROJA;MARÍTIMO;C0535100CEAMGR;PREMIUM;Cualquiera;PWCC;1866,656424;50;0,1;0,2;0,3;0,4;0,4;0,4;0
275;202352;CEREZAS;LEJANO ORIENTE;KO;ROJA;MARÍTIMO;C0535100CEAMGR;PREMIUM;Cualquiera;PYCC;56,16671259;50;0,1;0,2;0,3;0,4;0,4;0,4;0
276;202352;CEREZAS;LEJANO ORIENTE;KO;ROJA;MARÍTIMO;C0535100CEAMGR;PREMIUM;Cualquiera;SZCC;3439,401184;50;0,1;0,2;0,3;0,4;0,4;0,4;0
277;202352;CEREZAS;LEJANO ORIENTE;KO;ROJA;MARÍTIMO;C0535100CEAMGR;PREMIUM;Cualquiera;SWCC;4177,633161;50;0,1;0,2;0,3;0,4;0,4;0,4;0
278;202352;CEREZAS;LEJANO ORIENTE;KO;ROJA;MARÍTIMO;C0535100CEAMGR;PREMIUM;Cualquiera;SYCC;321,7227063;50;0,1;0,2;0,3;0,4;0,4;0,4;0
279;202352;CEREZAS;LEJANO ORIENTE;KO;ROJA;MARÍTIMO;C0535100CEAMGR;PREMIUM;Cualquiera;JZCC;2846,871692;50;0,1;0,2;0,3;0,4;0,4;0,4;0
280;202352;CEREZAS;LEJANO ORIENTE;KO;ROJA;MARÍTIMO;C0535100CEAMGR;PREMIUM;Cualquiera;JWCC;3547,733673;50;0,1;0,2;0,3;0,4;0,4;0,4;0
281;202352;CEREZAS;LEJANO ORIENTE;KO;ROJA;MARÍTIMO;C0535100CEAMGR;PREMIUM;Cualquiera;JYCC;252,4429795;50;0,1;0,2;0,3;0,4;0,4;0,4;0
282;202352;CEREZAS;LEJANO ORIENTE;KO;ROJA;MARÍTIMO;C0535096CEAMGR;ALTERNATIVA;Cualquiera;XZCC;3110,772849;50;0,1;0,2;0,3;0,4;0,4;0,4;0
283;202352;CEREZAS;LEJANO ORIENTE;KO;ROJA;MARÍTIMO;C0535096CEAMGR;ALTERNATIVA;Cualquiera;XYCC;167,2684361;50;0,1;0,2;0,3;0,4;0,4;0,4;0
284;202352;CEREZAS;LEJANO ORIENTE;KO;ROJA;MARÍTIMO;C0535096CEAMGR;ALTERNATIVA;Cualquiera;LZCC;640,3172814;50;0,1;0,2;0,3;0,4;0,4;0,4;0
285;202352;CEREZAS;LEJANO ORIENTE;KO;ROJA;MARÍTIMO;C0535096CEAMGR;ALTERNATIVA;Cualquiera;LYCC;47,89950875;50;0,1;0,2;0,3;0,4;0,4;0,4;0
286;202352;CEREZAS;LEJANO ORIENTE;KO;ROJA;MARÍTIMO;C0535100CEAMGR;ALTERNATIVA;Cualquiera;GZDD;3102,5505;50;0,1;0,2;0,3;0,4;0,4;0,4;0
287;202352;CEREZAS;LEJANO ORIENTE;KO;ROJA;MARÍTIMO;C0535100CEAMGR;ALTERNATIVA;Cualquiera;GWDD;201,7923911;50;0,1;0,2;0,3;0,4;0,4;0,4;0
288;202352;CEREZAS;LEJANO ORIENTE;KO;ROJA;MARÍTIMO;C0535100CEAMGR;ALTERNATIVA;Cualquiera;PZDD;2907,458287;50;0,1;0,2;0,3;0,4;0,4;0,4;0
289;202352;CEREZAS;LEJANO ORIENTE;KO;ROJA;MARÍTIMO;C0535100CEAMGR;ALTERNATIVA;Cualquiera;PWDD;3733,312849;50;0,1;0,2;0,3;0,4;0,4;0,4;0
290;202352;CEREZAS;LEJANO ORIENTE;KO;ROJA;MARÍTIMO;C0535100CEAMGR;ALTERNATIVA;Cualquiera;PYDD;112,3334252;50;0,1;0,2;0,3;0,4;0,4;0,4;0
291;202352;CEREZAS;LEJANO ORIENTE;KO;ROJA;MARÍTIMO;C0535100CEAMGR;ALTERNATIVA;Cualquiera;SZDD;6878,802368;50;0,1;0,2;0,3;0,4;0,4;0,4;0
292;202352;CEREZAS;LEJANO ORIENTE;KO;ROJA;MARÍTIMO;C0535100CEAMGR;ALTERNATIVA;Cualquiera;SWDD;8355,266322;50;0,1;0,2;0,3;0,4;0,4;0,4;0
293;202352;CEREZAS;LEJANO ORIENTE;KO;ROJA;MARÍTIMO;C0535100CEAMGR;ALTERNATIVA;Cualquiera;SYDD;643,4454126;50;0,1;0,2;0,3;0,4;0,4;0,4;0
294;202352;CEREZAS;LEJANO ORIENTE;KO;ROJA;MARÍTIMO;C0535100CEAMGR;ALTERNATIVA;Cualquiera;JZDD;5693,743384;50;0,1;0,2;0,3;0,4;0,4;0,4;0
295;202352;CEREZAS;LEJANO ORIENTE;KO;ROJA;MARÍTIMO;C0535100CEAMGR;ALTERNATIVA;Cualquiera;JWDD;7095,467347;50;0,1;0,2;0,3;0,4;0,4;0,4;0
296;202352;CEREZAS;LEJANO ORIENTE;KO;ROJA;MARÍTIMO;C0535100CEAMGR;ALTERNATIVA;Cualquiera;JYDD;504,885959;50;0,1;0,2;0,3;0,4;0,4;0,4;0
297;202352;CEREZAS;LEJANO ORIENTE;KO;ROJA;MARÍTIMO;C0535096CEAMGR;ALTERNATIVA;Cualquiera;XZDD;6221,545697;50;0,1;0,2;0,3;0,4;0,4;0,4;0
298;202352;CEREZAS;LEJANO ORIENTE;KO;ROJA;MARÍTIMO;C0535096CEAMGR;ALTERNATIVA;Cualquiera;XYDD;334,5368723;50;0,1;0,2;0,3;0,4;0,4;0,4;0
299;202352;CEREZAS;LEJANO ORIENTE;KO;ROJA;MARÍTIMO;C0535096CEAMGR;ALTERNATIVA;Cualquiera;LZDD;1280,634563;50;0,1;0,2;0,3;0,4;0,4;0,4;0
300;202352;CEREZAS;LEJANO ORIENTE;KO;ROJA;MARÍTIMO;C0535096CEAMGR;ALTERNATIVA;Cualquiera;LYDD;95,7990175;50;0,1;0,2;0,3;0,4;0,4;0,4;0
301;202352;CEREZAS;LEJANO ORIENTE;KO;ROJA;MARÍTIMO;C0535096CEAMGR;ALTERNATIVA;Cualquiera;GZEE;775,637625;50;0,1;0,2;0,3;0,4;0,4;0,4;0
302;202352;CEREZAS;LEJANO ORIENTE;KO;ROJA;MARÍTIMO;C0535096CEAMGR;ALTERNATIVA;Cualquiera;GWEE;50,44809777;50;0,1;0,2;0,3;0,4;0,4;0,4;0
303;202352;CEREZAS;LEJANO ORIENTE;KO;ROJA;MARÍTIMO;C0535096CEAMGR;ALTERNATIVA;Cualquiera;PZEE;726,8645717;50;0,1;0,2;0,3;0,4;0,4;0,4;0
304;202352;CEREZAS;LEJANO ORIENTE;KO;ROJA;MARÍTIMO;C0535096CEAMGR;ALTERNATIVA;Cualquiera;PWEE;933,3282122;50;0,1;0,2;0,3;0,4;0,4;0,4;0
305;202352;CEREZAS;LEJANO ORIENTE;KO;ROJA;MARÍTIMO;C0535096CEAMGR;ALTERNATIVA;Cualquiera;PYEE;28,0833563;50;0,1;0,2;0,3;0,4;0,4;0,4;0
306;202352;CEREZAS;LEJANO ORIENTE;KO;ROJA;MARÍTIMO;C0535096CEAMGR;ALTERNATIVA;Cualquiera;SZEE;1719,700592;50;0,1;0,2;0,3;0,4;0,4;0,4;0
307;202352;CEREZAS;LEJANO ORIENTE;KO;ROJA;MARÍTIMO;C0535096CEAMGR;ALTERNATIVA;Cualquiera;SWEE;2088,81658;50;0,1;0,2;0,3;0,4;0,4;0,4;0
308;202352;CEREZAS;LEJANO ORIENTE;KO;ROJA;MARÍTIMO;C0535096CEAMGR;ALTERNATIVA;Cualquiera;SYEE;160,8613532;50;0,1;0,2;0,3;0,4;0,4;0,4;0
309;202352;CEREZAS;LEJANO ORIENTE;KO;ROJA;MARÍTIMO;C0535096CEAMGR;ALTERNATIVA;Cualquiera;JZEE;1423,435846;50;0,1;0,2;0,3;0,4;0,4;0,4;0
310;202352;CEREZAS;LEJANO ORIENTE;KO;ROJA;MARÍTIMO;C0535096CEAMGR;ALTERNATIVA;Cualquiera;JWEE;1773,866837;50;0,1;0,2;0,3;0,4;0,4;0,4;0
311;202352;CEREZAS;LEJANO ORIENTE;KO;ROJA;MARÍTIMO;C0535096CEAMGR;ALTERNATIVA;Cualquiera;JYEE;126,2214898;50;0,1;0,2;0,3;0,4;0,4;0,4;0
312;202352;CEREZAS;LEJANO ORIENTE;KO;ROJA;MARÍTIMO;C0535096CEAMGR;ALTERNATIVA;Cualquiera;XZEE;1555,386424;50;0,1;0,2;0,3;0,4;0,4;0,4;0
313;202352;CEREZAS;LEJANO ORIENTE;KO;ROJA;MARÍTIMO;C0535096CEAMGR;ALTERNATIVA;Cualquiera;XYEE;83,63421806;50;0,1;0,2;0,3;0,4;0,4;0,4;0
314;202352;CEREZAS;LEJANO ORIENTE;KO;ROJA;MARÍTIMO;C0535096CEAMGR;ALTERNATIVA;Cualquiera;LZEE;320,1586407;50;0,1;0,2;0,3;0,4;0,4;0,4;0
315;202352;CEREZAS;LEJANO ORIENTE;KO;ROJA;MARÍTIMO;C0535096CEAMGR;ALTERNATIVA;Cualquiera;LYEE;23,94975438;50;0,1;0,2;0,3;0,4;0,4;0,4;0
316;202352;CEREZAS;LEJANO ORIENTE;RE;ROJA;MARÍTIMO;C0535100CEAMGR;PREMIUM;Cualquiera;GZAA;139555,2428;50;0,1;0,2;0,3;0,4;0,4;0,4;0
317;202352;CEREZAS;LEJANO ORIENTE;RE;ROJA;MARÍTIMO;C0535100CEAMGR;PREMIUM;Cualquiera;GWAA;6428,676626;50;0,1;0,2;0,3;0,4;0,4;0,4;0
318;202352;CEREZAS;LEJANO ORIENTE;RE;ROJA;MARÍTIMO;C0535100CEAMGR;PREMIUM;Cualquiera;GYAA;58,96966787;50;0,1;0,2;0,3;0,4;0,4;0,4;0
319;202352;CEREZAS;LEJANO ORIENTE;RE;ROJA;MARÍTIMO;C0535100CEAMGR;PREMIUM;Cualquiera;PZAA;138341,7106;50;0,1;0,2;0,3;0,4;0,4;0,4;0
320;202352;CEREZAS;LEJANO ORIENTE;RE;ROJA;MARÍTIMO;C0535100CEAMGR;PREMIUM;Cualquiera;PWAA;126606,5501;50;0,1;0,2;0,3;0,4;0,4;0,4;0
321;202352;CEREZAS;LEJANO ORIENTE;RE;ROJA;MARÍTIMO;C0535100CEAMGR;PREMIUM;Cualquiera;PYAA;6358,011307;50;0,1;0,2;0,3;0,4;0,4;0,4;0
322;202352;CEREZAS;LEJANO ORIENTE;RE;ROJA;MARÍTIMO;C0535100CEAMGR;PREMIUM;Cualquiera;SZAA;382679,7283;50;0,1;0,2;0,3;0,4;0,4;0,4;0
323;202352;CEREZAS;LEJANO ORIENTE;RE;ROJA;MARÍTIMO;C0535100CEAMGR;PREMIUM;Cualquiera;SWAA;262038,6973;50;0,1;0,2;0,3;0,4;0,4;0,4;0
324;202352;CEREZAS;LEJANO ORIENTE;RE;ROJA;MARÍTIMO;C0535100CEAMGR;PREMIUM;Cualquiera;SYAA;27404,77718;50;0,1;0,2;0,3;0,4;0,4;0,4;0
325;202352;CEREZAS;LEJANO ORIENTE;RE;ROJA;MARÍTIMO;C0535100CEAMGR;PREMIUM;Cualquiera;JZAA;387581,4247;50;0,1;0,2;0,3;0,4;0,4;0,4;0
326;202352;CEREZAS;LEJANO ORIENTE;RE;ROJA;MARÍTIMO;C0535100CEAMGR;PREMIUM;Cualquiera;JWAA;235258,3106;50;0,1;0,2;0,3;0,4;0,4;0,4;0
327;202352;CEREZAS;LEJANO ORIENTE;RE;ROJA;MARÍTIMO;C0535100CEAMGR;PREMIUM;Cualquiera;JYAA;29409,1562;50;0,1;0,2;0,3;0,4;0,4;0,4;0
328;202352;CEREZAS;LEJANO ORIENTE;RE;ROJA;MARÍTIMO;C0535096CEAMGR;TRADICIONAL;Cualquiera;XZAA;303575,0639;50;0,1;0,2;0,3;0,4;0,4;0,4;0
329;202352;CEREZAS;LEJANO ORIENTE;RE;ROJA;MARÍTIMO;C0535096CEAMGR;TRADICIONAL;Cualquiera;XYAA;19013,00032;50;0,1;0,2;0,3;0,4;0,4;0,4;0
330;202352;CEREZAS;LEJANO ORIENTE;RE;ROJA;MARÍTIMO;C0535096CEAMGR;TRADICIONAL;Cualquiera;LZAA;51980,58284;50;0,1;0,2;0,3;0,4;0,4;0,4;0
331;202352;CEREZAS;LEJANO ORIENTE;RE;ROJA;MARÍTIMO;C0535096CEAMGR;TRADICIONAL;Cualquiera;LYAA;4095,836565;50;0,1;0,2;0,3;0,4;0,4;0,4;0
332;202352;CEREZAS;LEJANO ORIENTE;RE;ROJA;MARÍTIMO;C0535100CEAMGR;PREMIUM;Cualquiera;GZBB;25373,6805;50;0,1;0,2;0,3;0,4;0,4;0,4;0
333;202352;CEREZAS;LEJANO ORIENTE;RE;ROJA;MARÍTIMO;C0535100CEAMGR;PREMIUM;Cualquiera;GWBB;1168,850296;50;0,1;0,2;0,3;0,4;0,4;0,4;0
334;202352;CEREZAS;LEJANO ORIENTE;RE;ROJA;MARÍTIMO;C0535100CEAMGR;PREMIUM;Cualquiera;GYBB;10,72175779;50;0,1;0,2;0,3;0,4;0,4;0,4;0
335;202352;CEREZAS;LEJANO ORIENTE;RE;ROJA;MARÍTIMO;C0535100CEAMGR;PREMIUM;Cualquiera;PZBB;25153,03829;50;0,1;0,2;0,3;0,4;0,4;0,4;0
336;202352;CEREZAS;LEJANO ORIENTE;RE;ROJA;MARÍTIMO;C0535100CEAMGR;PREMIUM;Cualquiera;PWBB;23019,37275;50;0,1;0,2;0,3;0,4;0,4;0,4;0
337;202352;CEREZAS;LEJANO ORIENTE;RE;ROJA;MARÍTIMO;C0535100CEAMGR;PREMIUM;Cualquiera;PYBB;1156,002056;50;0,1;0,2;0,3;0,4;0,4;0,4;0
338;202352;CEREZAS;LEJANO ORIENTE;RE;ROJA;MARÍTIMO;C0535100CEAMGR;PREMIUM;Cualquiera;SZBB;69578,13243;50;0,1;0,2;0,3;0,4;0,4;0,4;0
339;202352;CEREZAS;LEJANO ORIENTE;RE;ROJA;MARÍTIMO;C0535100CEAMGR;PREMIUM;Cualquiera;SWBB;47643,3995;50;0,1;0,2;0,3;0,4;0,4;0,4;0
340;202352;CEREZAS;LEJANO ORIENTE;RE;ROJA;MARÍTIMO;C0535100CEAMGR;PREMIUM;Cualquiera;SYBB;4982,686761;50;0,1;0,2;0,3;0,4;0,4;0,4;0
341;202352;CEREZAS;LEJANO ORIENTE;RE;ROJA;MARÍTIMO;C0535100CEAMGR;PREMIUM;Cualquiera;JZBB;70469,34995;50;0,1;0,2;0,3;0,4;0,4;0,4;0
342;202352;CEREZAS;LEJANO ORIENTE;RE;ROJA;MARÍTIMO;C0535100CEAMGR;PREMIUM;Cualquiera;JWBB;42774,23829;50;0,1;0,2;0,3;0,4;0,4;0,4;0
343;202352;CEREZAS;LEJANO ORIENTE;RE;ROJA;MARÍTIMO;C0535100CEAMGR;PREMIUM;Cualquiera;JYBB;5347,119308;50;0,1;0,2;0,3;0,4;0,4;0,4;0
344;202352;CEREZAS;LEJANO ORIENTE;RE;ROJA;MARÍTIMO;C0535096CEAMGR;TRADICIONAL;Cualquiera;XZBB;55195,46617;50;0,1;0,2;0,3;0,4;0,4;0,4;0
345;202352;CEREZAS;LEJANO ORIENTE;RE;ROJA;MARÍTIMO;C0535096CEAMGR;TRADICIONAL;Cualquiera;XYBB;3456,909148;50;0,1;0,2;0,3;0,4;0,4;0,4;0
346;202352;CEREZAS;LEJANO ORIENTE;RE;ROJA;MARÍTIMO;C0535096CEAMGR;TRADICIONAL;Cualquiera;LZBB;9451,015061;50;0,1;0,2;0,3;0,4;0,4;0,4;0
347;202352;CEREZAS;LEJANO ORIENTE;RE;ROJA;MARÍTIMO;C0535096CEAMGR;TRADICIONAL;Cualquiera;LYBB;744,6975572;50;0,1;0,2;0,3;0,4;0,4;0,4;0
348;202352;CEREZAS;LEJANO ORIENTE;RE;ROJA;MARÍTIMO;C0535100CEAMGR;PREMIUM;Cualquiera;GZCC;50747,361;50;0,1;0,2;0,3;0,4;0,4;0,4;0
349;202352;CEREZAS;LEJANO ORIENTE;RE;ROJA;MARÍTIMO;C0535100CEAMGR;PREMIUM;Cualquiera;GWCC;2337,700591;50;0,1;0,2;0,3;0,4;0,4;0,4;0
350;202352;CEREZAS;LEJANO ORIENTE;RE;ROJA;MARÍTIMO;C0535100CEAMGR;PREMIUM;Cualquiera;GYCC;21,44351559;50;0,1;0,2;0,3;0,4;0,4;0,4;0
351;202352;CEREZAS;LEJANO ORIENTE;RE;ROJA;MARÍTIMO;C0535100CEAMGR;PREMIUM;Cualquiera;PZCC;50306,07657;50;0,1;0,2;0,3;0,4;0,4;0,4;0
352;202352;CEREZAS;LEJANO ORIENTE;RE;ROJA;MARÍTIMO;C0535100CEAMGR;PREMIUM;Cualquiera;PWCC;46038,74549;50;0,1;0,2;0,3;0,4;0,4;0,4;0
353;202352;CEREZAS;LEJANO ORIENTE;RE;ROJA;MARÍTIMO;C0535100CEAMGR;PREMIUM;Cualquiera;PYCC;2312,004112;50;0,1;0,2;0,3;0,4;0,4;0,4;0
354;202352;CEREZAS;LEJANO ORIENTE;RE;ROJA;MARÍTIMO;C0535100CEAMGR;PREMIUM;Cualquiera;SZCC;139156,2649;50;0,1;0,2;0,3;0,4;0,4;0,4;0
355;202352;CEREZAS;LEJANO ORIENTE;RE;ROJA;MARÍTIMO;C0535100CEAMGR;PREMIUM;Cualquiera;SWCC;95286,799;50;0,1;0,2;0,3;0,4;0,4;0,4;0
356;202352;CEREZAS;LEJANO ORIENTE;RE;ROJA;MARÍTIMO;C0535100CEAMGR;PREMIUM;Cualquiera;SYCC;9965,373522;50;0,1;0,2;0,3;0,4;0,4;0,4;0
357;202352;CEREZAS;LEJANO ORIENTE;RE;ROJA;MARÍTIMO;C0535100CEAMGR;PREMIUM;Cualquiera;JZCC;140938,6999;50;0,1;0,2;0,3;0,4;0,4;0,4;0
358;202352;CEREZAS;LEJANO ORIENTE;RE;ROJA;MARÍTIMO;C0535100CEAMGR;PREMIUM;Cualquiera;JWCC;85548,47657;50;0,1;0,2;0,3;0,4;0,4;0,4;0
359;202352;CEREZAS;LEJANO ORIENTE;RE;ROJA;MARÍTIMO;C0535100CEAMGR;PREMIUM;Cualquiera;JYCC;10694,23862;50;0,1;0,2;0,3;0,4;0,4;0,4;0
360;202352;CEREZAS;LEJANO ORIENTE;RE;ROJA;MARÍTIMO;C0535096CEAMGR;ALTERNATIVA;Cualquiera;XZCC;110390,9323;50;0,1;0,2;0,3;0,4;0,4;0,4;0
361;202352;CEREZAS;LEJANO ORIENTE;RE;ROJA;MARÍTIMO;C0535096CEAMGR;ALTERNATIVA;Cualquiera;XYCC;6913,818296;50;0,1;0,2;0,3;0,4;0,4;0,4;0
362;202352;CEREZAS;LEJANO ORIENTE;RE;ROJA;MARÍTIMO;C0535096CEAMGR;ALTERNATIVA;Cualquiera;LZCC;18902,03012;50;0,1;0,2;0,3;0,4;0,4;0,4;0
363;202352;CEREZAS;LEJANO ORIENTE;RE;ROJA;MARÍTIMO;C0535096CEAMGR;ALTERNATIVA;Cualquiera;LYCC;1489,395114;50;0,1;0,2;0,3;0,4;0,4;0,4;0
364;202352;CEREZAS;LEJANO ORIENTE;RE;ROJA;MARÍTIMO;C0535100CEAMGR;ALTERNATIVA;Cualquiera;GZDD;25373,6805;50;0,1;0,2;0,3;0,4;0,4;0,4;0
365;202352;CEREZAS;LEJANO ORIENTE;RE;ROJA;MARÍTIMO;C0535100CEAMGR;ALTERNATIVA;Cualquiera;GWDD;1168,850296;50;0,1;0,2;0,3;0,4;0,4;0,4;0
366;202352;CEREZAS;LEJANO ORIENTE;RE;ROJA;MARÍTIMO;C0535100CEAMGR;ALTERNATIVA;Cualquiera;GYDD;10,72175779;50;0,1;0,2;0,3;0,4;0,4;0,4;0
367;202352;CEREZAS;LEJANO ORIENTE;RE;ROJA;MARÍTIMO;C0535100CEAMGR;ALTERNATIVA;Cualquiera;PZDD;25153,03829;50;0,1;0,2;0,3;0,4;0,4;0,4;0
368;202352;CEREZAS;LEJANO ORIENTE;RE;ROJA;MARÍTIMO;C0535100CEAMGR;ALTERNATIVA;Cualquiera;PWDD;23019,37275;50;0,1;0,2;0,3;0,4;0,4;0,4;0
369;202352;CEREZAS;LEJANO ORIENTE;RE;ROJA;MARÍTIMO;C0535100CEAMGR;ALTERNATIVA;Cualquiera;PYDD;1156,002056;50;0,1;0,2;0,3;0,4;0,4;0,4;0
370;202352;CEREZAS;LEJANO ORIENTE;RE;ROJA;MARÍTIMO;C0535100CEAMGR;ALTERNATIVA;Cualquiera;SZDD;69578,13243;50;0,1;0,2;0,3;0,4;0,4;0,4;0
371;202352;CEREZAS;LEJANO ORIENTE;RE;ROJA;MARÍTIMO;C0535100CEAMGR;ALTERNATIVA;Cualquiera;SWDD;47643,3995;50;0,1;0,2;0,3;0,4;0,4;0,4;0
372;202352;CEREZAS;LEJANO ORIENTE;RE;ROJA;MARÍTIMO;C0535100CEAMGR;ALTERNATIVA;Cualquiera;SYDD;4982,686761;50;0,1;0,2;0,3;0,4;0,4;0,4;0
373;202352;CEREZAS;LEJANO ORIENTE;RE;ROJA;MARÍTIMO;C0535100CEAMGR;ALTERNATIVA;Cualquiera;JZDD;70469,34995;50;0,1;0,2;0,3;0,4;0,4;0,4;0
374;202352;CEREZAS;LEJANO ORIENTE;RE;ROJA;MARÍTIMO;C0535100CEAMGR;ALTERNATIVA;Cualquiera;JWDD;42774,23829;50;0,1;0,2;0,3;0,4;0,4;0,4;0
375;202352;CEREZAS;LEJANO ORIENTE;RE;ROJA;MARÍTIMO;C0535100CEAMGR;ALTERNATIVA;Cualquiera;JYDD;5347,119308;50;0,1;0,2;0,3;0,4;0,4;0,4;0
376;202352;CEREZAS;LEJANO ORIENTE;RE;ROJA;MARÍTIMO;C0535096CEAMGR;ALTERNATIVA;Cualquiera;XZDD;55195,46617;50;0,1;0,2;0,3;0,4;0,4;0,4;0
377;202352;CEREZAS;LEJANO ORIENTE;RE;ROJA;MARÍTIMO;C0535096CEAMGR;ALTERNATIVA;Cualquiera;XYDD;3456,909148;50;0,1;0,2;0,3;0,4;0,4;0,4;0
378;202352;CEREZAS;LEJANO ORIENTE;RE;ROJA;MARÍTIMO;C0535096CEAMGR;ALTERNATIVA;Cualquiera;LZDD;9451,015061;50;0,1;0,2;0,3;0,4;0,4;0,4;0
379;202352;CEREZAS;LEJANO ORIENTE;RE;ROJA;MARÍTIMO;C0535096CEAMGR;ALTERNATIVA;Cualquiera;LYDD;744,6975572;50;0,1;0,2;0,3;0,4;0,4;0,4;0
380;202352;CEREZAS;LEJANO ORIENTE;RE;ROJA;MARÍTIMO;C0535096CEAMGR;ALTERNATIVA;Cualquiera;GZEE;12686,84025;50;0,1;0,2;0,3;0,4;0,4;0,4;0
381;202352;CEREZAS;LEJANO ORIENTE;RE;ROJA;MARÍTIMO;C0535096CEAMGR;ALTERNATIVA;Cualquiera;GWEE;584,4251478;50;0,1;0,2;0,3;0,4;0,4;0,4;0
382;202352;CEREZAS;LEJANO ORIENTE;RE;ROJA;MARÍTIMO;C0535096CEAMGR;ALTERNATIVA;Cualquiera;GYEE;5,360878897;50;0,1;0,2;0,3;0,4;0,4;0,4;0
383;202352;CEREZAS;LEJANO ORIENTE;RE;ROJA;MARÍTIMO;C0535096CEAMGR;ALTERNATIVA;Cualquiera;PZEE;12576,51914;50;0,1;0,2;0,3;0,4;0,4;0,4;0
384;202352;CEREZAS;LEJANO ORIENTE;RE;ROJA;MARÍTIMO;C0535096CEAMGR;ALTERNATIVA;Cualquiera;PWEE;11509,68637;50;0,1;0,2;0,3;0,4;0,4;0,4;0
385;202352;CEREZAS;LEJANO ORIENTE;RE;ROJA;MARÍTIMO;C0535096CEAMGR;ALTERNATIVA;Cualquiera;PYEE;578,0010279;50;0,1;0,2;0,3;0,4;0,4;0,4;0
386;202352;CEREZAS;LEJANO ORIENTE;RE;ROJA;MARÍTIMO;C0535096CEAMGR;ALTERNATIVA;Cualquiera;SZEE;34789,06621;50;0,1;0,2;0,3;0,4;0,4;0,4;0
387;202352;CEREZAS;LEJANO ORIENTE;RE;ROJA;MARÍTIMO;C0535096CEAMGR;ALTERNATIVA;Cualquiera;SWEE;23821,69975;50;0,1;0,2;0,3;0,4;0,4;0,4;0
388;202352;CEREZAS;LEJANO ORIENTE;RE;ROJA;MARÍTIMO;C0535096CEAMGR;ALTERNATIVA;Cualquiera;SYEE;2491,34338;50;0,1;0,2;0,3;0,4;0,4;0,4;0
389;202352;CEREZAS;LEJANO ORIENTE;RE;ROJA;MARÍTIMO;C0535096CEAMGR;ALTERNATIVA;Cualquiera;JZEE;35234,67498;50;0,1;0,2;0,3;0,4;0,4;0,4;0
390;202352;CEREZAS;LEJANO ORIENTE;RE;ROJA;MARÍTIMO;C0535096CEAMGR;ALTERNATIVA;Cualquiera;JWEE;21387,11914;50;0,1;0,2;0,3;0,4;0,4;0,4;0
391;202352;CEREZAS;LEJANO ORIENTE;RE;ROJA;MARÍTIMO;C0535096CEAMGR;ALTERNATIVA;Cualquiera;JYEE;2673,559654;50;0,1;0,2;0,3;0,4;0,4;0,4;0
392;202352;CEREZAS;LEJANO ORIENTE;RE;ROJA;MARÍTIMO;C0535096CEAMGR;ALTERNATIVA;Cualquiera;XZEE;27597,73309;50;0,1;0,2;0,3;0,4;0,4;0,4;0
393;202352;CEREZAS;LEJANO ORIENTE;RE;ROJA;MARÍTIMO;C0535096CEAMGR;ALTERNATIVA;Cualquiera;XYEE;1728,454574;50;0,1;0,2;0,3;0,4;0,4;0,4;0
394;202352;CEREZAS;LEJANO ORIENTE;RE;ROJA;MARÍTIMO;C0535096CEAMGR;ALTERNATIVA;Cualquiera;LZEE;4725,50753;50;0,1;0,2;0,3;0,4;0,4;0,4;0
395;202352;CEREZAS;LEJANO ORIENTE;RE;ROJA;MARÍTIMO;C0535096CEAMGR;ALTERNATIVA;Cualquiera;LYEE;372,3487786;50;0,1;0,2;0,3;0,4;0,4;0,4;0
396;202352;CEREZAS;LEJANO ORIENTE;SH;ROJA;MARÍTIMO;C0535100CEAMGR;PREMIUM;Cualquiera;GZAA;36841,91175;50;0,1;0,2;0,3;0,4;0,4;0,4;0
397;202352;CEREZAS;LEJANO ORIENTE;SH;ROJA;MARÍTIMO;C0535100CEAMGR;PREMIUM;Cualquiera;GWAA;27,36183331;50;0,1;0,2;0,3;0,4;0,4;0,4;0
398;202352;CEREZAS;LEJANO ORIENTE;SH;ROJA;MARÍTIMO;C0535100CEAMGR;PREMIUM;Cualquiera;GYAA;155,7259896;50;0,1;0,2;0,3;0,4;0,4;0,4;0
399;202352;CEREZAS;LEJANO ORIENTE;SH;ROJA;MARÍTIMO;C0535100CEAMGR;PREMIUM;Cualquiera;PZAA;61442,95594;50;0,1;0,2;0,3;0,4;0,4;0,4;0
400;202352;CEREZAS;LEJANO ORIENTE;SH;ROJA;MARÍTIMO;C0535100CEAMGR;PREMIUM;Cualquiera;PWAA;6153,372291;50;0,1;0,2;0,3;0,4;0,4;0,4;0
401;202352;CEREZAS;LEJANO ORIENTE;SH;ROJA;MARÍTIMO;C0535100CEAMGR;PREMIUM;Cualquiera;PYAA;16216,04118;50;0,1;0,2;0,3;0,4;0,4;0,4;0
402;202352;CEREZAS;LEJANO ORIENTE;SH;ROJA;MARÍTIMO;C0535100CEAMGR;PREMIUM;Cualquiera;SZAA;130769,4641;50;0,1;0,2;0,3;0,4;0,4;0,4;0
403;202352;CEREZAS;LEJANO ORIENTE;SH;ROJA;MARÍTIMO;C0535100CEAMGR;PREMIUM;Cualquiera;SWAA;14458,93856;50;0,1;0,2;0,3;0,4;0,4;0,4;0
404;202352;CEREZAS;LEJANO ORIENTE;SH;ROJA;MARÍTIMO;C0535100CEAMGR;PREMIUM;Cualquiera;SYAA;39024,46007;50;0,1;0,2;0,3;0,4;0,4;0,4;0
405;202352;CEREZAS;LEJANO ORIENTE;SH;ROJA;MARÍTIMO;C0535100CEAMGR;PREMIUM;Cualquiera;JZAA;108498,033;50;0,1;0,2;0,3;0,4;0,4;0,4;0
406;202352;CEREZAS;LEJANO ORIENTE;SH;ROJA;MARÍTIMO;C0535100CEAMGR;PREMIUM;Cualquiera;JWAA;12857,62949;50;0,1;0,2;0,3;0,4;0,4;0,4;0
407;202352;CEREZAS;LEJANO ORIENTE;SH;ROJA;MARÍTIMO;C0535100CEAMGR;PREMIUM;Cualquiera;JYAA;36860,37552;50;0,1;0,2;0,3;0,4;0,4;0,4;0
408;202352;CEREZAS;LEJANO ORIENTE;SH;ROJA;MARÍTIMO;C0535096CEAMGR;TRADICIONAL;Cualquiera;XZAA;63341,09023;50;0,1;0,2;0,3;0,4;0,4;0,4;0
409;202352;CEREZAS;LEJANO ORIENTE;SH;ROJA;MARÍTIMO;C0535096CEAMGR;TRADICIONAL;Cualquiera;XYAA;19815,5748;50;0,1;0,2;0,3;0,4;0,4;0,4;0
410;202352;CEREZAS;LEJANO ORIENTE;SH;ROJA;MARÍTIMO;C0535096CEAMGR;TRADICIONAL;Cualquiera;LZAA;10251,76956;50;0,1;0,2;0,3;0,4;0,4;0,4;0
411;202352;CEREZAS;LEJANO ORIENTE;SH;ROJA;MARÍTIMO;C0535096CEAMGR;TRADICIONAL;Cualquiera;LYAA;4278,917809;50;0,1;0,2;0,3;0,4;0,4;0,4;0
412;202352;CEREZAS;LEJANO ORIENTE;SH;ROJA;MARÍTIMO;C0535100CEAMGR;PREMIUM;Cualquiera;GZBB;8187,0915;50;0,1;0,2;0,3;0,4;0,4;0,4;0
413;202352;CEREZAS;LEJANO ORIENTE;SH;ROJA;MARÍTIMO;C0535100CEAMGR;PREMIUM;Cualquiera;GWBB;6,080407403;50;0,1;0,2;0,3;0,4;0,4;0,4;0
414;202352;CEREZAS;LEJANO ORIENTE;SH;ROJA;MARÍTIMO;C0535100CEAMGR;PREMIUM;Cualquiera;GYBB;34,60577546;50;0,1;0,2;0,3;0,4;0,4;0,4;0
415;202352;CEREZAS;LEJANO ORIENTE;SH;ROJA;MARÍTIMO;C0535100CEAMGR;PREMIUM;Cualquiera;PZBB;13653,99021;50;0,1;0,2;0,3;0,4;0,4;0,4;0
416;202352;CEREZAS;LEJANO ORIENTE;SH;ROJA;MARÍTIMO;C0535100CEAMGR;PREMIUM;Cualquiera;PWBB;1367,416065;50;0,1;0,2;0,3;0,4;0,4;0,4;0
417;202352;CEREZAS;LEJANO ORIENTE;SH;ROJA;MARÍTIMO;C0535100CEAMGR;PREMIUM;Cualquiera;PYBB;3603,564707;50;0,1;0,2;0,3;0,4;0,4;0,4;0
418;202352;CEREZAS;LEJANO ORIENTE;SH;ROJA;MARÍTIMO;C0535100CEAMGR;PREMIUM;Cualquiera;SZBB;29059,88091;50;0,1;0,2;0,3;0,4;0,4;0,4;0
419;202352;CEREZAS;LEJANO ORIENTE;SH;ROJA;MARÍTIMO;C0535100CEAMGR;PREMIUM;Cualquiera;SWBB;3213,097458;50;0,1;0,2;0,3;0,4;0,4;0,4;0
420;202352;CEREZAS;LEJANO ORIENTE;SH;ROJA;MARÍTIMO;C0535100CEAMGR;PREMIUM;Cualquiera;SYBB;8672,102238;50;0,1;0,2;0,3;0,4;0,4;0,4;0
421;202352;CEREZAS;LEJANO ORIENTE;SH;ROJA;MARÍTIMO;C0535100CEAMGR;PREMIUM;Cualquiera;JZBB;24110,674;50;0,1;0,2;0,3;0,4;0,4;0,4;0
422;202352;CEREZAS;LEJANO ORIENTE;SH;ROJA;MARÍTIMO;C0535100CEAMGR;PREMIUM;Cualquiera;JWBB;2857,250999;50;0,1;0,2;0,3;0,4;0,4;0,4;0
423;202352;CEREZAS;LEJANO ORIENTE;SH;ROJA;MARÍTIMO;C0535100CEAMGR;PREMIUM;Cualquiera;JYBB;8191,194559;50;0,1;0,2;0,3;0,4;0,4;0,4;0
424;202352;CEREZAS;LEJANO ORIENTE;SH;ROJA;MARÍTIMO;C0535096CEAMGR;TRADICIONAL;Cualquiera;XZBB;14075,79783;50;0,1;0,2;0,3;0,4;0,4;0,4;0
425;202352;CEREZAS;LEJANO ORIENTE;SH;ROJA;MARÍTIMO;C0535096CEAMGR;TRADICIONAL;Cualquiera;XYBB;4403,461068;50;0,1;0,2;0,3;0,4;0,4;0,4;0
426;202352;CEREZAS;LEJANO ORIENTE;SH;ROJA;MARÍTIMO;C0535096CEAMGR;TRADICIONAL;Cualquiera;LZBB;2278,171014;50;0,1;0,2;0,3;0,4;0,4;0,4;0
427;202352;CEREZAS;LEJANO ORIENTE;SH;ROJA;MARÍTIMO;C0535096CEAMGR;TRADICIONAL;Cualquiera;LYBB;950,8706243;50;0,1;0,2;0,3;0,4;0,4;0,4;0
428;202352;CEREZAS;LEJANO ORIENTE;SH;ROJA;MARÍTIMO;C0535100CEAMGR;PREMIUM;Cualquiera;GZCC;16374,183;50;0,1;0,2;0,3;0,4;0,4;0,4;0
429;202352;CEREZAS;LEJANO ORIENTE;SH;ROJA;MARÍTIMO;C0535096CEAMGR;ALTERNATIVA;Cualquiera;GWCC;12,16081481;50;0,1;0,2;0,3;0,4;0,4;0,4;0
430;202352;CEREZAS;LEJANO ORIENTE;SH;ROJA;MARÍTIMO;C0535100CEAMGR;PREMIUM;Cualquiera;GYCC;69,21155093;50;0,1;0,2;0,3;0,4;0,4;0,4;0
431;202352;CEREZAS;LEJANO ORIENTE;SH;ROJA;MARÍTIMO;C0535100CEAMGR;PREMIUM;Cualquiera;PZCC;27307,98042;50;0,1;0,2;0,3;0,4;0,4;0,4;0
432;202352;CEREZAS;LEJANO ORIENTE;SH;ROJA;MARÍTIMO;C0535096CEAMGR;ALTERNATIVA;Cualquiera;PWCC;2734,832129;50;0,1;0,2;0,3;0,4;0,4;0,4;0
433;202352;CEREZAS;LEJANO ORIENTE;SH;ROJA;MARÍTIMO;C0535100CEAMGR;PREMIUM;Cualquiera;PYCC;7207,129414;50;0,1;0,2;0,3;0,4;0,4;0,4;0
434;202352;CEREZAS;LEJANO ORIENTE;SH;ROJA;MARÍTIMO;C0535100CEAMGR;PREMIUM;Cualquiera;SZCC;58119,76182;50;0,1;0,2;0,3;0,4;0,4;0,4;0
435;202352;CEREZAS;LEJANO ORIENTE;SH;ROJA;MARÍTIMO;C0535096CEAMGR;ALTERNATIVA;Cualquiera;SWCC;6426,194917;50;0,1;0,2;0,3;0,4;0,4;0,4;0
436;202352;CEREZAS;LEJANO ORIENTE;SH;ROJA;MARÍTIMO;C0535100CEAMGR;PREMIUM;Cualquiera;SYCC;17344,20448;50;0,1;0,2;0,3;0,4;0,4;0,4;0
437;202352;CEREZAS;LEJANO ORIENTE;SH;ROJA;MARÍTIMO;C0535100CEAMGR;PREMIUM;Cualquiera;JZCC;48221,34801;50;0,1;0,2;0,3;0,4;0,4;0,4;0
438;202352;CEREZAS;LEJANO ORIENTE;SH;ROJA;MARÍTIMO;C0535096CEAMGR;ALTERNATIVA;Cualquiera;JWCC;5714,501997;50;0,1;0,2;0,3;0,4;0,4;0,4;0
439;202352;CEREZAS;LEJANO ORIENTE;SH;ROJA;MARÍTIMO;C0535100CEAMGR;PREMIUM;Cualquiera;JYCC;16382,38912;50;0,1;0,2;0,3;0,4;0,4;0,4;0
440;202352;CEREZAS;LEJANO ORIENTE;SH;ROJA;MARÍTIMO;C0535096CEAMGR;ALTERNATIVA;Cualquiera;XZCC;28151,59566;50;0,1;0,2;0,3;0,4;0,4;0,4;0
441;202352;CEREZAS;LEJANO ORIENTE;SH;ROJA;MARÍTIMO;C0535096CEAMGR;ALTERNATIVA;Cualquiera;XYCC;8806,922135;50;0,1;0,2;0,3;0,4;0,4;0,4;0
442;202352;CEREZAS;LEJANO ORIENTE;SH;ROJA;MARÍTIMO;C0535096CEAMGR;ALTERNATIVA;Cualquiera;LZCC;4556,342027;50;0,1;0,2;0,3;0,4;0,4;0,4;0
443;202352;CEREZAS;LEJANO ORIENTE;SH;ROJA;MARÍTIMO;C0535096CEAMGR;ALTERNATIVA;Cualquiera;LYCC;1901,741249;50;0,1;0,2;0,3;0,4;0,4;0,4;0
444;202352;CEREZAS;LEJANO ORIENTE;SH;ROJA;MARÍTIMO;C0535100CEAMGR;ALTERNATIVA;Cualquiera;GZDD;16374,183;50;0,1;0,2;0,3;0,4;0,4;0,4;0
445;202352;CEREZAS;LEJANO ORIENTE;SH;ROJA;MARÍTIMO;C0535100CEAMGR;ALTERNATIVA;Cualquiera;GWDD;12,16081481;50;0,1;0,2;0,3;0,4;0,4;0,4;0
446;202352;CEREZAS;LEJANO ORIENTE;SH;ROJA;MARÍTIMO;C0535100CEAMGR;ALTERNATIVA;Cualquiera;GYDD;69,21155093;50;0,1;0,2;0,3;0,4;0,4;0,4;0
447;202352;CEREZAS;LEJANO ORIENTE;SH;ROJA;MARÍTIMO;C0535100CEAMGR;ALTERNATIVA;Cualquiera;PZDD;27307,98042;50;0,1;0,2;0,3;0,4;0,4;0,4;0
448;202352;CEREZAS;LEJANO ORIENTE;SH;ROJA;MARÍTIMO;C0535100CEAMGR;ALTERNATIVA;Cualquiera;PWDD;2734,832129;50;0,1;0,2;0,3;0,4;0,4;0,4;0
449;202352;CEREZAS;LEJANO ORIENTE;SH;ROJA;MARÍTIMO;C0535100CEAMGR;ALTERNATIVA;Cualquiera;PYDD;7207,129414;50;0,1;0,2;0,3;0,4;0,4;0,4;0
450;202352;CEREZAS;LEJANO ORIENTE;SH;ROJA;MARÍTIMO;C0535100CEAMGR;ALTERNATIVA;Cualquiera;SZDD;58119,76182;50;0,1;0,2;0,3;0,4;0,4;0,4;0
451;202352;CEREZAS;LEJANO ORIENTE;SH;ROJA;MARÍTIMO;C0535100CEAMGR;ALTERNATIVA;Cualquiera;SWDD;6426,194917;50;0,1;0,2;0,3;0,4;0,4;0,4;0
452;202352;CEREZAS;LEJANO ORIENTE;SH;ROJA;MARÍTIMO;C0535100CEAMGR;ALTERNATIVA;Cualquiera;SYDD;17344,20448;50;0,1;0,2;0,3;0,4;0,4;0,4;0
453;202352;CEREZAS;LEJANO ORIENTE;SH;ROJA;MARÍTIMO;C0535100CEAMGR;ALTERNATIVA;Cualquiera;JZDD;48221,34801;50;0,1;0,2;0,3;0,4;0,4;0,4;0
454;202352;CEREZAS;LEJANO ORIENTE;SH;ROJA;MARÍTIMO;C0535100CEAMGR;ALTERNATIVA;Cualquiera;JWDD;5714,501997;50;0,1;0,2;0,3;0,4;0,4;0,4;0
455;202352;CEREZAS;LEJANO ORIENTE;SH;ROJA;MARÍTIMO;C0535100CEAMGR;ALTERNATIVA;Cualquiera;JYDD;16382,38912;50;0,1;0,2;0,3;0,4;0,4;0,4;0
456;202352;CEREZAS;LEJANO ORIENTE;SH;ROJA;MARÍTIMO;C0535096CEAMGR;ALTERNATIVA;Cualquiera;XZDD;28151,59566;50;0,1;0,2;0,3;0,4;0,4;0,4;0
457;202352;CEREZAS;LEJANO ORIENTE;SH;ROJA;MARÍTIMO;C0535096CEAMGR;ALTERNATIVA;Cualquiera;XYDD;8806,922135;50;0,1;0,2;0,3;0,4;0,4;0,4;0
458;202352;CEREZAS;LEJANO ORIENTE;SH;ROJA;MARÍTIMO;C0535096CEAMGR;ALTERNATIVA;Cualquiera;LZDD;4556,342027;50;0,1;0,2;0,3;0,4;0,4;0,4;0
459;202352;CEREZAS;LEJANO ORIENTE;SH;ROJA;MARÍTIMO;C0535096CEAMGR;ALTERNATIVA;Cualquiera;LYDD;1901,741249;50;0,1;0,2;0,3;0,4;0,4;0,4;0
460;202352;CEREZAS;LEJANO ORIENTE;SH;ROJA;MARÍTIMO;C0535096CEAMGR;ALTERNATIVA;Cualquiera;GZEE;4093,54575;50;0,1;0,2;0,3;0,4;0,4;0,4;0
461;202352;CEREZAS;LEJANO ORIENTE;SH;ROJA;MARÍTIMO;C0535096CEAMGR;ALTERNATIVA;Cualquiera;GWEE;3,040203701;50;0,1;0,2;0,3;0,4;0,4;0,4;0
462;202352;CEREZAS;LEJANO ORIENTE;SH;ROJA;MARÍTIMO;C0535096CEAMGR;ALTERNATIVA;Cualquiera;GYEE;17,30288773;50;0,1;0,2;0,3;0,4;0,4;0,4;0
463;202352;CEREZAS;LEJANO ORIENTE;SH;ROJA;MARÍTIMO;C0535096CEAMGR;ALTERNATIVA;Cualquiera;PZEE;6826,995105;50;0,1;0,2;0,3;0,4;0,4;0,4;0
464;202352;CEREZAS;LEJANO ORIENTE;SH;ROJA;MARÍTIMO;C0535096CEAMGR;ALTERNATIVA;Cualquiera;PWEE;683,7080324;50;0,1;0,2;0,3;0,4;0,4;0,4;0
465;202352;CEREZAS;LEJANO ORIENTE;SH;ROJA;MARÍTIMO;C0535096CEAMGR;ALTERNATIVA;Cualquiera;PYEE;1801,782354;50;0,1;0,2;0,3;0,4;0,4;0,4;0
466;202352;CEREZAS;LEJANO ORIENTE;SH;ROJA;MARÍTIMO;C0535096CEAMGR;ALTERNATIVA;Cualquiera;SZEE;14529,94046;50;0,1;0,2;0,3;0,4;0,4;0,4;0
467;202352;CEREZAS;LEJANO ORIENTE;SH;ROJA;MARÍTIMO;C0535096CEAMGR;ALTERNATIVA;Cualquiera;SWEE;1606,548729;50;0,1;0,2;0,3;0,4;0,4;0,4;0
468;202352;CEREZAS;LEJANO ORIENTE;SH;ROJA;MARÍTIMO;C0535096CEAMGR;ALTERNATIVA;Cualquiera;SYEE;4336,051119;50;0,1;0,2;0,3;0,4;0,4;0,4;0
469;202352;CEREZAS;LEJANO ORIENTE;SH;ROJA;MARÍTIMO;C0535096CEAMGR;ALTERNATIVA;Cualquiera;JZEE;12055,337;50;0,1;0,2;0,3;0,4;0,4;0,4;0
470;202352;CEREZAS;LEJANO ORIENTE;SH;ROJA;MARÍTIMO;C0535096CEAMGR;ALTERNATIVA;Cualquiera;JWEE;1428,625499;50;0,1;0,2;0,3;0,4;0,4;0,4;0
471;202352;CEREZAS;LEJANO ORIENTE;SH;ROJA;MARÍTIMO;C0535096CEAMGR;ALTERNATIVA;Cualquiera;JYEE;4095,597279;50;0,1;0,2;0,3;0,4;0,4;0,4;0
472;202352;CEREZAS;LEJANO ORIENTE;SH;ROJA;MARÍTIMO;C0535096CEAMGR;ALTERNATIVA;Cualquiera;XZEE;7037,898915;50;0,1;0,2;0,3;0,4;0,4;0,4;0
473;202352;CEREZAS;LEJANO ORIENTE;SH;ROJA;MARÍTIMO;C0535096CEAMGR;ALTERNATIVA;Cualquiera;XYEE;2201,730534;50;0,1;0,2;0,3;0,4;0,4;0,4;0
474;202352;CEREZAS;LEJANO ORIENTE;SH;ROJA;MARÍTIMO;C0535096CEAMGR;ALTERNATIVA;Cualquiera;LZEE;1139,085507;50;0,1;0,2;0,3;0,4;0,4;0,4;0
475;202352;CEREZAS;LEJANO ORIENTE;SH;ROJA;MARÍTIMO;C0535096CEAMGR;ALTERNATIVA;Cualquiera;LYEE;475,4353121;50;0,1;0,2;0,3;0,4;0,4;0,4;0
476;202352;CEREZAS;LEJANO ORIENTE;RE;ROJA;MARÍTIMO;P0232087CETSGR;PREMIUM;Cualquiera;JSPZABC;49920;100;0,1;0,2;0,3;0,4;0,4;0,4;0
477;202352;CEREZAS;LEJANO ORIENTE;BI;ROJA;MARÍTIMO;P2532102CEAMGR;PREMIUM;Cualquiera;JSPZABC;2839,74725;100;0,1;0,2;0,3;0,4;0,4;0,4;0
478;202352;CEREZAS;LEJANO ORIENTE;RE;ROJA;MARÍTIMO;P2532102CEAMGR;PREMIUM;Cualquiera;JSPZABC;308848,513;100;0,1;0,2;0,3;0,4;0,4;0,4;0
479;202352;CEREZAS;LEJANO ORIENTE;KO;ROJA;MARÍTIMO;P2532102CEAMGR;PREMIUM;Cualquiera;JSPZABC;12767,84244;100;0,1;0,2;0,3;0,4;0,4;0,4;0
480;202352;CEREZAS;LEJANO ORIENTE;LA;ROJA;MARÍTIMO;P2532102CEAMGR;PREMIUM;Cualquiera;JSPZABC;175006,3382;100;0,1;0,2;0,3;0,4;0,4;0,4;0
481;202352;CEREZAS;LEJANO ORIENTE;SK;ROJA;MARÍTIMO;P2532102CEAMGR;PREMIUM;Cualquiera;JSPZABC;28537,55908;100;0,1;0,2;0,3;0,4;0,4;0,4;0
482;202352;CEREZAS;LEJANO ORIENTE;BI;ROJA;MARÍTIMO;C0635120CEAMG3;PREMIUM;Cualquiera;JSPZABC;3408,587239;90;0,1;0,2;0,3;0,4;0,4;0,4;0
483;202352;CEREZAS;LEJANO ORIENTE;RE;ROJA;MARÍTIMO;C0635120CEAMG3;PREMIUM;Cualquiera;JSPZABC;370715,0699;90;0,1;0,2;0,3;0,4;0,4;0,4;0
484;202352;CEREZAS;LEJANO ORIENTE;KO;ROJA;MARÍTIMO;C0635120CEAMG3;PREMIUM;Cualquiera;JSPZABC;15325,4149;90;0,1;0,2;0,3;0,4;0,4;0,4;0
485;202352;CEREZAS;LEJANO ORIENTE;LA;ROJA;MARÍTIMO;C0635120CEAMG3;PREMIUM;Cualquiera;JSPZABC;210062,4875;90;0,1;0,2;0,3;0,4;0,4;0,4;0
486;202352;CEREZAS;LEJANO ORIENTE;SK;ROJA;MARÍTIMO;C0635120CEAMG3;PREMIUM;Cualquiera;JSPZABC;34254,02023;90;0,1;0,2;0,3;0,4;0,4;0,4;0
487;202352;CEREZAS;LEJANO ORIENTE;SH;ROJA;MARÍTIMO;C0635120CEAMG3;PREMIUM;Cualquiera;JSPZABC;132314,4202;90;0,1;0,2;0,3;0,4;0,4;0,4;0
